rank,stadium,capacity,region,country,city,images,home_team
1,Rungrado,"114,000",East,North,Pyongyang,https://upload.wikimedia.org/wikipedia/commons/thumb/8/81/Arirang_Mass_Games_12.JPG/150px-Arirang_Mass_Games_12.JPG,Korea
2,Michigan,"107,601",North,United,Ann,https://upload.wikimedia.org/wikipedia/commons/thumb/e/ed/Real_Madrid_vs._Machester_United_August_2nd%2C_2014.jpg/150px-Real_Madrid_vs._Machester_United_August_2nd%2C_2014.jpg,Michigan
3,Ohio,"102,780",North,United,"Columbus,",https://upload.wikimedia.org/wikipedia/commons/thumb/f/fc/Panoramic_view_of_Ohio_Stadium.jpg/150px-Panoramic_view_of_Ohio_Stadium.jpg,Ohio
4,Melbourne,"100,024",Oceania,Australia,"Melbourne,",https://upload.wikimedia.org/wikipedia/commons/thumb/b/b4/MCG_Panorama_24_July_2015.jpg/150px-MCG_Panorama_24_July_2015.jpg,Australia
5,Camp,"99,354",Europe,Spain,"Barcelona,",https://upload.wikimedia.org/wikipedia/commons/thumb/0/0e/Camp_Nou_Experience_%28_Ank_Kumar%2C_INFOSYS_Limited_%29_07.jpg/150px-Camp_Nou_Experience_%28_Ank_Kumar%2C_INFOSYS_Limited_%29_07.jpg,FC
6,Estadio,"95,500",North,Mexico,Mexico,https://upload.wikimedia.org/wikipedia/commons/thumb/c/ca/Panor%C3%A1mica_esquina_noreste.jpg/150px-Panor%C3%A1mica_esquina_noreste.jpg,Club
7,FNB,"94,736",Africa,South,"Johannesburg,",https://upload.wikimedia.org/wikipedia/commons/thumb/c/c0/First_game_of_the_2010_FIFA_World_Cup%2C_South_Africa_vs_Mexico.jpg/150px-First_game_of_the_2010_FIFA_World_Cup%2C_South_Africa_vs_Mexico.jpg,South
8,New,"93,940",Africa,Egypt,New,https://upload.wikimedia.org/wikipedia/commons/thumb/e/e0/The_New_administrative_stadium_of_Egypt.jpg/150px-The_New_administrative_stadium_of_Egypt.jpg,Egypt
9,Rose,"92,800",North,United,"Pasadena,",https://upload.wikimedia.org/wikipedia/commons/thumb/d/d2/Rose_Bowl%2C_panorama.jpg/150px-Rose_Bowl%2C_panorama.jpg,UCLA
10,Cotton,"92,100",North,United,"Dallas,",https://upload.wikimedia.org/wikipedia/commons/thumb/5/52/2019_State_Fair_Classic_01_%28Cotton_Bowl%29.jpg/150px-2019_State_Fair_Classic_01_%28Cotton_Bowl%29.jpg,Text esta vazio
11,Wembley,"90,000",Europe,England,"London,",https://upload.wikimedia.org/wikipedia/commons/thumb/b/bb/Post_L2_Play-Off_Final.jpg/150px-Post_L2_Play-Off_Final.jpg,England
12,Lusail,"88,966",West,Qatar,Lusail,https://upload.wikimedia.org/wikipedia/en/thumb/a/a3/Lusail_Stadium.jpg/150px-Lusail_Stadium.jpg,Qatar
13,Bukit,"87,411",Southeast,Malaysia,Kuala,https://upload.wikimedia.org/wikipedia/commons/thumb/a/a1/National_Stadium_Bukit_Jalil_2018_AFF_Suzuki_Cup_final.png/150px-National_Stadium_Bukit_Jalil_2018_AFF_Suzuki_Cup_final.png,Malaysia
14,Borg,"86,000",Africa,Egypt,Alexandria,https://upload.wikimedia.org/wikipedia/commons/thumb/1/1a/Borg_el_arab_stadium.jpg/150px-Borg_el_arab_stadium.jpg,Egypt
15,Estadio,"85,000",Europe,Spain,Madrid,https://upload.wikimedia.org/wikipedia/commons/thumb/0/0e/Estadio_Santiago_Bernab%C3%A9u_Madrid.jpg/150px-Estadio_Santiago_Bernab%C3%A9u_Madrid.jpg,Real
16,Estadio,"84,567",South,Argentina,Buenos,https://upload.wikimedia.org/wikipedia/commons/thumb/c/c8/Estadio_Monumental.jpg/150px-Estadio_Monumental.jpg,Argentina
17,Stadium,"83,500",Oceania,Australia,"Sydney,",https://upload.wikimedia.org/wikipedia/commons/thumb/f/f7/State_of_Origin_Game_II_2018.jpg/150px-State_of_Origin_Game_II_2018.jpg,South
18,MetLife,"82,500",North,United,East,https://upload.wikimedia.org/wikipedia/commons/thumb/5/54/Copa_America_game_between_Columbia_vs_Peru_at_the_MetLife_Stadium.jpg/150px-Copa_America_game_between_Columbia_vs_Peru_at_the_MetLife_Stadium.jpg,New
19,Croke,"82,300",Europe,Ireland,Dublin,https://upload.wikimedia.org/wikipedia/commons/thumb/9/91/Croke_park_all_ireland.jpg/150px-Croke_park_all_ireland.jpg,Gaelic
20,Jakarta,"82,000",Southeast,Indonesia,Jakarta,https://upload.wikimedia.org/wikipedia/commons/thumb/b/b2/Jakarta_International_Stadium_interior.jpg/150px-Jakarta_International_Stadium_interior.jpg,Persija
21,Lambeau,"81,441",North,United,Green,https://upload.wikimedia.org/wikipedia/commons/thumb/2/27/Lambeau_Field_bowl.jpg/150px-Lambeau_Field_bowl.jpg,Green
22,SIGNAL,"81,365",Europe,Germany,Dortmund,https://upload.wikimedia.org/wikipedia/commons/thumb/3/38/Signal_iduna_park.jpg/150px-Signal_iduna_park.jpg,Borussia
23,Stade,"81,338",Europe,France,Saint-Denis,https://upload.wikimedia.org/wikipedia/commons/thumb/5/53/StadeFranceNationsLeague2018.jpg/150px-StadeFranceNationsLeague2018.jpg,France
24,Grand,"81,000",Europe,Russia,Moscow,https://upload.wikimedia.org/wikipedia/commons/thumb/3/3c/Luzhniki_Stadium2.jpg/150px-Luzhniki_Stadium2.jpg,Text esta vazio
25,Shah,"80,372",Southeast,Malaysia,Shah,https://upload.wikimedia.org/wikipedia/commons/thumb/9/99/Shah_Alam_Stadium_%28inside%29.jpg/150px-Shah_Alam_Stadium_%28inside%29.jpg,Selangor
26,Estadio,"80,093",South,Peru,Lima,https://upload.wikimedia.org/wikipedia/commons/thumb/f/f1/EstadioUniversitario.jpg/150px-EstadioUniversitario.jpg,Club
27,Stadio,"80,018",Europe,Italy,"Milan,",https://upload.wikimedia.org/wikipedia/commons/thumb/a/a3/Stadio_Giuseppe_Meazza%2C_San_Siro%2C_Milan_%283326869632%29.jpg/150px-Stadio_Giuseppe_Meazza%2C_San_Siro%2C_Milan_%283326869632%29.jpg,AC
28,Guangdong,"80,012",East,China,"Guangzhou,",https://upload.wikimedia.org/wikipedia/commons/thumb/f/f7/Stade_Olympique_Guangdong.JPG/150px-Stade_Olympique_Guangdong.JPG,Text esta vazio
29,Hangzhou,"80,000",East,China,"Hangzhou,",https://upload.wikimedia.org/wikipedia/commons/thumb/4/4c/Hangzhou_Olympic_Sports_Center_Stadium2021.jpg/150px-Hangzhou_Olympic_Sports_Center_Stadium2021.jpg,Text esta vazio
30,AT&T,"80,000",North,United,"Arlington,",https://upload.wikimedia.org/wikipedia/commons/thumb/5/52/Cowboys_Stadium_full_view.jpg/150px-Cowboys_Stadium_full_view.jpg,Dallas
31,Stade,"80,000",Africa,DR,Kinshasa,https://upload.wikimedia.org/wikipedia/commons/thumb/d/d3/Stade_des_martyrs_0332_Kinshasa_%288756673901%29.jpg/150px-Stade_des_martyrs_0332_Kinshasa_%288756673901%29.jpg,Congo
32,Stade,"80,000",Africa,DR,Kinshasa,NO_IMAGE,AS
33,National,"80,000",Africa,Zimbabwe,Harare,NO_IMAGE,Zimbabwe
34,Moi,"80,000",Africa,Kenya,Nairobi,https://upload.wikimedia.org/wikipedia/commons/thumb/9/9c/Inside_the_Kasarani_Stadium.jpg/150px-Inside_the_Kasarani_Stadium.jpg,Kenya
35,Beijing,"80,000",East,China,Beijing,https://upload.wikimedia.org/wikipedia/commons/thumb/5/51/Beijing_National_Stadium_2014_2.jpg/150px-Beijing_National_Stadium_2014_2.jpg,Text esta vazio
36,Stade,"80,000",Africa,Senegal,Dakar,https://upload.wikimedia.org/wikipedia/commons/thumb/8/8f/Senegal_1_-_Cameroon_0_-_Stade_L%C3%A9opold_S%C3%A9dar_Senghor.jpg/150px-Senegal_1_-_Cameroon_0_-_Stade_L%C3%A9opold_S%C3%A9dar_Senghor.jpg,Senegal
37,Maracanã,"78,838",South,Brazil,Rio,https://upload.wikimedia.org/wikipedia/commons/thumb/f/fe/Bosnia_players_at_Maracan%C3%A3_15_June_2014.jpg/150px-Bosnia_players_at_Maracan%C3%A3_15_June_2014.jpg,CR
38,Los,"78,467",North,United,Los,https://upload.wikimedia.org/wikipedia/commons/thumb/2/25/USC_vs_University_of_Oregon_November_2019.png/150px-USC_vs_University_of_Oregon_November_2019.png,USC
39,Azadi,"78,116",West,Iran,Tehran,https://upload.wikimedia.org/wikipedia/commons/thumb/7/78/Azadi_Stadium_%287%29.jpg/150px-Azadi_Stadium_%287%29.jpg,Iran
40,Stadion,"77,193",Southeast,Indonesia,Jakarta,https://upload.wikimedia.org/wikipedia/commons/thumb/2/29/Gbk_persija_arema_20190803.jpg/150px-Gbk_persija_arema_20190803.jpg,Indonesia
41,Caesar's,"76,468",North,United,New,https://upload.wikimedia.org/wikipedia/commons/thumb/a/a1/The_Dome_New_Orleans_Man_Trip.jpg/150px-The_Dome_New_Orleans_Man_Trip.jpg,New
42,Arrowhead,"76,412",North,United,Kansas,https://upload.wikimedia.org/wikipedia/commons/thumb/1/10/25_July_2010_Kansas_City_Wizards_vs_Manchester_United_friendly.jpg/150px-25_July_2010_Kansas_City_Wizards_vs_Manchester_United_friendly.jpg,Kansas
43,Empower,"76,125",North,United,Denver,https://upload.wikimedia.org/wikipedia/commons/thumb/4/49/SAF_at_Mile_High_AFC_Championship_game_pom-poms.jpg/150px-SAF_at_Mile_High_AFC_Championship_game_pom-poms.jpg,Denver
44,Atatürk,"76,092",Europe,Turkey,Istanbul,https://upload.wikimedia.org/wikipedia/commons/thumb/6/68/Istanbul_Atat%C3%BCrk_Olympic_Stadium_2.jpg/150px-Istanbul_Atat%C3%BCrk_Olympic_Stadium_2.jpg,Text esta vazio
45,Old,"76,000",Europe,England,"Manchester,",https://upload.wikimedia.org/wikipedia/commons/thumb/b/bd/Manchester_United_old_trafford_Ank_Kumar_01.jpg/150px-Manchester_United_old_trafford_Ank_Kumar_01.jpg,Manchester
46,Allianz,"75,024",Europe,Germany,Munich,https://upload.wikimedia.org/wikipedia/commons/thumb/4/48/Allainz_Arena_%28Bayern_Munich%29.jpg/150px-Allainz_Arena_%28Bayern_Munich%29.jpg,FC
47,Naghsh-e-Jahan,"75,000",West,Iran,Isfahan,https://upload.wikimedia.org/wikipedia/commons/thumb/4/4f/Naghsh_Jahan_Stadium.jpg/150px-Naghsh_Jahan_Stadium.jpg,Sepahan
48,Bank,"74,867",North,United,"Charlotte,",https://upload.wikimedia.org/wikipedia/commons/thumb/8/85/Bank_of_America_Stadium_soccer.jpg/150px-Bank_of_America_Stadium_soccer.jpg,Charlotte
49,Principality,"74,500",Europe,Wales,Cardiff,https://upload.wikimedia.org/wikipedia/commons/thumb/e/e6/Millennium_Stadium_-_Glanmor%E2%80%99s_Gap.jpg/150px-Millennium_Stadium_-_Glanmor%E2%80%99s_Gap.jpg,Wales
50,Olympiastadion,"74,475",Europe,Germany,Berlin,https://upload.wikimedia.org/wikipedia/commons/thumb/5/52/Berlin_Olympiastadion_nach_Umbau.jpg/150px-Berlin_Olympiastadion_nach_Umbau.jpg,Hertha
51,Cairo,"74,100",Africa,Egypt,Cairo,https://upload.wikimedia.org/wikipedia/commons/thumb/b/bc/Cairo_Stadium_Afcon_u23_2019.jpg/150px-Cairo_Stadium_Afcon_u23_2019.jpg,Egypt
52,FirstEnergy,"73,200",North,United,Cleveland,https://upload.wikimedia.org/wikipedia/commons/thumb/f/f1/FirstEnergy_Stadium_panorama_2016.jpg/150px-FirstEnergy_Stadium_panorama_2016.jpg,Cleveland
53,Estádio,"72,788",South,Brazil,"Brasília,",https://upload.wikimedia.org/wikipedia/commons/thumb/d/da/Est%C3%A1dio_Nacional_Bras%C3%ADlia.jpg/150px-Est%C3%A1dio_Nacional_Bras%C3%ADlia.jpg,Brasília
54,Stadio,"72,698",Europe,Italy,"Rome,",https://upload.wikimedia.org/wikipedia/commons/thumb/6/64/The_Stadio_Olimpico_during_a_match_between_AS_Roma_and_Sampdoria.jpg/150px-The_Stadio_Olimpico_during_a_match_between_AS_Roma_and_Sampdoria.jpg,AS
55,Nissan,"72,327",East,Japan,"Yokohama,",https://upload.wikimedia.org/wikipedia/commons/thumb/9/91/International_Stadium_Yokohama-1.jpg/150px-International_Stadium_Yokohama-1.jpg,Yokohama
56,NRG,"72,220",North,United,"Houston,",https://upload.wikimedia.org/wikipedia/commons/thumb/d/dc/The_Texans_at_Reliant_Park_1_Jan_2012.jpg/150px-The_Texans_at_Reliant_Park_1_Jan_2012.jpg,Houston
57,Shanghai,"72,000",East,China,Shanghai,https://upload.wikimedia.org/wikipedia/commons/thumb/d/de/Shanghai_Stadium_2008.JPG/150px-Shanghai_Stadium_2008.JPG,Shanghai
58,M&T,"71,008",North,United,Baltimore,https://upload.wikimedia.org/wikipedia/commons/thumb/9/92/M%26T_Bank_Stadium_USA_soccer.JPG/150px-M%26T_Bank_Stadium_USA_soccer.JPG,Baltimore
59,Mercedes-Benz,"71,000",North,United,"Atlanta,",https://upload.wikimedia.org/wikipedia/commons/thumb/f/f2/Mercedes_Benz_Stadium_interior_2017-08-25_1.jpg/150px-Mercedes_Benz_Stadium_interior_2017-08-25_1.jpg,Atlanta
60,Olympic,"70,000",Europe,Ukraine,Kyiv,https://upload.wikimedia.org/wikipedia/commons/thumb/0/0d/Kyiv_NSC_Olimpiyskyi_5.jpg/150px-Kyiv_NSC_Olimpiyskyi_5.jpg,Ukraine
61,SoFi,"70,000",North,United,"Inglewood,",https://upload.wikimedia.org/wikipedia/commons/thumb/b/b0/SoFi_Stadium_interior_2021.jpg/150px-SoFi_Stadium_interior_2021.jpg,Text esta vazio
62,Seoul,"69,950",East,South,Seoul,https://upload.wikimedia.org/wikipedia/commons/thumb/e/e5/%E8%9A%95%E5%AE%A4_03.jpg/150px-%E8%9A%95%E5%AE%A4_03.jpg,Text esta vazio
63,Bakı,"69,870",West,Azerbaijan,Baku,https://upload.wikimedia.org/wikipedia/commons/thumb/b/b9/Chelsea_won_UEFA_Europa_League_final_at_Olympic_Stadium_and_President_Ilham_Aliyev_watched_the_final_match_16.jpg/150px-Chelsea_won_UEFA_Europa_League_final_at_Olympic_Stadium_and_President_Ilham_Aliyev_watched_the_final_match_16.jpg,Azerbaijan
64,Olympic,"69,618",Europe,Greece,"Marousi,",https://upload.wikimedia.org/wikipedia/en/thumb/d/d6/Olympic_Stadium_at_Athens_before_a_home_game_of_Panathinaikos_on_February_2%2C_2013.jpg/150px-Olympic_Stadium_at_Athens_before_a_home_game_of_Panathinaikos_on_February_2%2C_2013.jpg,Greece
65,Olympiastadion,"69,250",Europe,Germany,Munich,https://upload.wikimedia.org/wikipedia/commons/thumb/3/35/M%C3%BCnchener_Olympiastadion.jpg/150px-M%C3%BCnchener_Olympiastadion.jpg,Text esta vazio
66,Lumen,"69,000",North,United,"Seattle,",https://upload.wikimedia.org/wikipedia/commons/thumb/5/53/Qwest_Field_North.jpg/150px-Qwest_Field_North.jpg,Seattle
67,Estadio,"68,954",North,Mexico,Mexico,https://upload.wikimedia.org/wikipedia/commons/thumb/f/f2/Estadio_Pumas.jpg/150px-Estadio_Pumas.jpg,UNAM
68,Gillette,"68,756",North,United,"Foxborough,",https://upload.wikimedia.org/wikipedia/commons/thumb/8/8c/Stadiumguillete_%28cropped%29.jpg/150px-Stadiumguillete_%28cropped%29.jpg,New
69,King,"68,560",West,Saudi,Jeddah,https://upload.wikimedia.org/wikipedia/commons/thumb/6/68/Jawhara_Stadium.jpg/150px-Jawhara_Stadium.jpg,Saudi
70,Lincoln,"68,532",North,United,Philadelphia,https://upload.wikimedia.org/wikipedia/commons/thumb/3/36/USA-Turkey-Linc.jpg/150px-USA-Turkey-Linc.jpg,Philadelphia
71,Levi's,"68,500",North,United,Santa,https://upload.wikimedia.org/wikipedia/commons/thumb/0/00/Entering_Levi%27s_Stadium.JPG/150px-Entering_Levi%27s_Stadium.JPG,San
72,Acrisure,"68,400",North,United,Pittsburgh,https://upload.wikimedia.org/wikipedia/commons/thumb/2/23/Heinz_Field_NHL_Winter_Classic.jpg/150px-Heinz_Field_NHL_Winter_Classic.jpg,Pittsburgh
73,Gazprom,"68,134",Europe,Russia,Saint,https://upload.wikimedia.org/wikipedia/commons/thumb/1/1c/Fina-l2017.jpg/150px-Fina-l2017.jpg,FC
74,Salt,"68,000",South,India,Kolkata,https://upload.wikimedia.org/wikipedia/commons/thumb/5/5f/Salt_Lake_Stadium_during_FIFA_U17_World_Cup_2017_....jpg/150px-Salt_Lake_Stadium_during_FIFA_U17_World_Cup_2017_....jpg,India
75,National,"68,000",East,Japan,Tokyo,https://upload.wikimedia.org/wikipedia/commons/thumb/7/7c/Drones_durante_a_abertura_das_Olimp%C3%ADadas_de_T%C3%B3quio.jpg/150px-Drones_durante_a_abertura_das_Olimp%C3%ADadas_de_T%C3%B3quio.jpg,Text esta vazio
76,TIAA,"67,814",North,United,"Jacksonville,",https://upload.wikimedia.org/wikipedia/commons/thumb/3/36/2009_Gator_Bowl.jpg/150px-2009_Gator_Bowl.jpg,Jacksonville
77,Cívitas,"70,460",Europe,Spain,Madrid,https://upload.wikimedia.org/wikipedia/commons/thumb/0/05/Wanda-Metropolitano.jpg/150px-Wanda-Metropolitano.jpg,Atlético
78,Orange,"67,394",Europe,France,Marseille,https://upload.wikimedia.org/wikipedia/commons/thumb/8/85/Stade_V%C3%A9lodrome_1.jpg/150px-Stade_V%C3%A9lodrome_1.jpg,Olympique
79,Puskás,"67,215",Europe,Hungary,Budapest,https://upload.wikimedia.org/wikipedia/commons/thumb/3/3a/Pusk%C3%A1s_Ar%C3%A9na_01.jpg/150px-Pusk%C3%A1s_Ar%C3%A9na_01.jpg,Hungary
80,Scottish,"67,144",Europe,Scotland,Edinburgh,https://upload.wikimedia.org/wikipedia/commons/thumb/a/a1/Murrayfield_Stadium_-_geograph.org.uk_-_1246737.jpg/150px-Murrayfield_Stadium_-_geograph.org.uk_-_1246737.jpg,Scotland
81,Lucas,"67,000",North,United,"Indianapolis,",https://upload.wikimedia.org/wikipedia/commons/thumb/8/89/LucasOilStadiumTheLuke.jpg/150px-LucasOilStadiumTheLuke.jpg,Indianapolis
82,MorumBIS,"66,975",South,Brazil,São,https://upload.wikimedia.org/wikipedia/commons/thumb/1/13/Estadio_Morumbi_2014.jpg/150px-Estadio_Morumbi_2014.jpg,São
83,The,"66,965",North,United,St.,https://upload.wikimedia.org/wikipedia/commons/thumb/b/bd/2005_NCAA_North_Carolina_v_Michigan_State.JPG/150px-2005_NCAA_North_Carolina_v_Michigan_State.JPG,St.
84,Yadegar-e-Emam,"66,833",West,Iran,Tabriz,https://upload.wikimedia.org/wikipedia/commons/thumb/1/12/Yadegar_Emam_stadium_at_night_-_panoramio.jpg/150px-Yadegar_Emam_stadium_at_night_-_panoramio.jpg,Tractor
85,Seoul,"66,704",East,South,Seoul,https://upload.wikimedia.org/wikipedia/commons/thumb/b/b8/AFC_Champions_League_Final_1st_leg.jpg/150px-AFC_Champions_League_Final_1st_leg.jpg,FC
86,US,"66,655",North,United,Minneapolis,https://upload.wikimedia.org/wikipedia/commons/thumb/6/6a/Looking_South-US_Bank_Stadium.jpg/150px-Looking_South-US_Bank_Stadium.jpg,Minnesota
87,Daegu,"66,422",East,South,Daegu,https://upload.wikimedia.org/wikipedia/commons/thumb/d/da/Daegu.Stadium.original.2167.jpg/150px-Daegu.Stadium.original.2167.jpg,Daegu
88,Workers',"66,161",East,China,Beijing,https://upload.wikimedia.org/wikipedia/commons/thumb/5/58/New_Workers%27_Stadium_under_construction_%2820221025141129%29.jpg/150px-New_Workers%27_Stadium_under_construction_%2820221025141129%29.jpg,Beijing
89,London,"66,000",Europe,England,London,https://upload.wikimedia.org/wikipedia/commons/thumb/b/b1/London_Stadium_panorama_picture.jpg/150px-London_Stadium_panorama_picture.jpg,West
90,Raymond,"65,847",North,United,"Tampa,",https://upload.wikimedia.org/wikipedia/commons/thumb/9/9d/RaymondJamesStadium2022.jpg/150px-RaymondJamesStadium2022.jpg,Tampa
91,Hard,"65,326",North,United,Miami,https://upload.wikimedia.org/wikipedia/commons/thumb/9/99/Interior_of_updated_Hard_Rock_Stadium.jpg/150px-Interior_of_updated_Hard_Rock_Stadium.jpg,Miami
92,Olympic,"65,255",North,Canada,"Montreal,",https://upload.wikimedia.org/wikipedia/commons/thumb/f/fc/Montreal_Impact_CONCACAF_FINAL.jpg/150px-Montreal_Impact_CONCACAF_FINAL.jpg,CF
93,Basra,"65,227",West,Iraq,Basra,https://upload.wikimedia.org/wikipedia/commons/thumb/6/62/Basra_International_Stadium_Opening_2.JPG/150px-Basra_International_Stadium_Opening_2.JPG,Iraq
94,Camping,"65,000",North,United,"Orlando,",https://upload.wikimedia.org/wikipedia/commons/thumb/4/4c/Citrus_Bowl%2C_Construction_progress.jpg/150px-Citrus_Bowl%2C_Construction_progress.jpg,Text esta vazio
95,Alamodome,"65,000",North,United,San,https://upload.wikimedia.org/wikipedia/commons/thumb/0/0d/Alamodome_Conference_USA_Championship.jpg/150px-Alamodome_Conference_USA_Championship.jpg,UTSA
96,Ford,"65,000",North,United,Detroit,https://upload.wikimedia.org/wikipedia/commons/thumb/b/b3/FordField-2008NCAAtournament-MidwestRegional.jpg/150px-FordField-2008NCAAtournament-MidwestRegional.jpg,Detroit
97,Stade,"65,000",Africa,Morocco,Tangier,https://upload.wikimedia.org/wikipedia/commons/thumb/9/93/Stade_Ibn_Batuta%2C_Tanger.jpg/150px-Stade_Ibn_Batuta%2C_Tanger.jpg,IR
98,Estádio,"64,642",Europe,Portugal,Lisbon,https://upload.wikimedia.org/wikipedia/commons/thumb/1/1b/LuzLissabon.jpg/150px-LuzLissabon.jpg,Benfica
99,Stade,"64,000",Africa,Algeria,Algiers,https://upload.wikimedia.org/wikipedia/commons/thumb/a/a0/Stade_5_Juillet_1962.jpg/150px-Stade_5_Juillet_1962.jpg,Algeria
100,Castelão,"63,903",South,Brazil,"Fortaleza,",https://upload.wikimedia.org/wikipedia/commons/thumb/e/ec/Castel%C3%A3o_Arena_%285%29.jpg/150px-Castel%C3%A3o_Arena_%285%29.jpg,Ceará
101,Saitama,"63,700",East,Japan,Saitama,https://upload.wikimedia.org/wikipedia/commons/thumb/6/60/Saitama_Stadium_Panorama.jpg/150px-Saitama_Stadium_Panorama.jpg,Urawa
102,Ellis,"62,567",Africa,South,"Johannesburg,",https://upload.wikimedia.org/wikipedia/commons/thumb/b/bc/Warm-ups_at_Brazil_%26_North_Korea_match_at_FIFA_World_Cup_2010-06-15_1.jpg/150px-Warm-ups_at_Brazil_%26_North_Korea_match_at_FIFA_World_Cup_2010-06-15_1.jpg,Orlando
103,Tottenham,"62,303",Europe,England,London,https://upload.wikimedia.org/wikipedia/commons/thumb/8/8c/Spurs_stadium_January_2020.jpg/150px-Spurs_stadium_January_2020.jpg,Tottenham
104,VELTINS-Arena,"62,271",Europe,Germany,Gelsenkirchen,https://upload.wikimedia.org/wikipedia/commons/thumb/d/d2/080110_schalke_arena_germany.JPG/150px-080110_schalke_arena_germany.JPG,FC
105,Yizhong,"62,000",East,China,"Qingdao,",https://upload.wikimedia.org/wikipedia/commons/thumb/7/77/Qingdao_Guoxin_Stadium.jpg/150px-Qingdao_Guoxin_Stadium.jpg,Qingdao
106,Estádio,"61,846",South,Brazil,Belo,https://upload.wikimedia.org/wikipedia/commons/thumb/6/69/Stadion_Belo_Horizonte_Halbfinale_WM_2014_%2822117986076%29.jpg/150px-Stadion_Belo_Horizonte_Halbfinale_WM_2014_%2822117986076%29.jpg,Atlético
107,King,"61,781",West,Saudi,Riyadh,https://upload.wikimedia.org/wikipedia/commons/thumb/2/2b/%E3%82%AD%E3%83%B3%E3%82%B0%E3%83%95%E3%82%A1%E3%83%8F%E3%83%89%E5%9B%BD%E9%9A%9B%E3%82%B9%E3%82%BF%E3%82%B8%E3%82%A2%E3%83%A0.jpg/150px-%E3%82%AD%E3%83%B3%E3%82%B0%E3%83%95%E3%82%A1%E3%83%8F%E3%83%89%E5%9B%BD%E9%9A%9B%E3%82%B9%E3%82%BF%E3%82%B8%E3%82%A2%E3%83%A0.jpg,Saudi
108,Soldier,"61,500",North,United,Chicago,https://upload.wikimedia.org/wikipedia/commons/thumb/8/8b/The_Refurbished_Soldier_Field.jpg/150px-The_Refurbished_Soldier_Field.jpg,Chicago
109,Nanjing,"61,443",East,China,"Nanjing,",https://upload.wikimedia.org/wikipedia/commons/thumb/b/b5/Nanjing_Olympic_Sports_Center_inner_view_%282016%29.jpg/150px-Nanjing_Olympic_Sports_Center_inner_view_%282016%29.jpg,Text esta vazio
110,Anfield,"65,000",Europe,England,"Liverpool,",https://upload.wikimedia.org/wikipedia/commons/thumb/0/02/Panorama_of_Anfield_with_new_main_stand_%2829676137824%29.jpg/150px-Panorama_of_Anfield_with_new_main_stand_%2829676137824%29.jpg,Liverpool
111,Estadio,"60,720",Europe,Spain,Seville,https://upload.wikimedia.org/wikipedia/commons/thumb/6/6d/Estadio_Benito_Villamar%C3%ADn_2018001.jpg/150px-Estadio_Benito_Villamar%C3%ADn_2018001.jpg,Real
112,Abuja,"60,491",Africa,Nigeria,Abuja,https://upload.wikimedia.org/wikipedia/commons/thumb/d/d2/Football_heaven.jpg/150px-Football_heaven.jpg,Nigeria
113,MHPArena,"60,469",Europe,Germany,Stuttgart,https://upload.wikimedia.org/wikipedia/commons/thumb/5/53/Neckarstadion_2011.jpg/150px-Neckarstadion_2011.jpg,VfB
114,Celtic,"60,411",Europe,Scotland,Glasgow,https://upload.wikimedia.org/wikipedia/commons/thumb/c/ce/Celtic_park_2.jpg/150px-Celtic_park_2.jpg,Celtic
115,Estadio,"60,370",South,Peru,Arequipa,https://upload.wikimedia.org/wikipedia/commons/thumb/e/ef/OutsideUNSA.jpg/150px-OutsideUNSA.jpg,FBC
116,Emirates,"60,338",Europe,England,London,https://upload.wikimedia.org/wikipedia/commons/thumb/d/d1/Emirates_Stadium_-_East_stand_Club_Level.jpg/150px-Emirates_Stadium_-_East_stand_Club_Level.jpg,Arsenal
117,Shenzhen,"60,334",East,China,"Shenzhen,",https://upload.wikimedia.org/wikipedia/commons/thumb/1/11/%E6%B7%B1%E5%9C%B3%E9%BE%99%E5%B2%97%E5%A4%A7%E8%BF%90%E4%B8%AD%E5%BF%83%E4%BD%93%E8%82%B2%E9%A6%86%E5%86%85%E9%83%A8.jpg/150px-%E6%B7%B1%E5%9C%B3%E9%BE%99%E5%B2%97%E5%A4%A7%E8%BF%90%E4%B8%AD%E5%BF%83%E4%BD%93%E8%82%B2%E9%A6%86%E5%86%85%E9%83%A8.jpg,Text esta vazio
118,Estadio,"60,235",South,Uruguay,Montevideo,https://upload.wikimedia.org/wikipedia/commons/thumb/9/98/Estadio_Centenario_2021.jpg/150px-Estadio_Centenario_2021.jpg,Uruguay
119,Estádio,"60,044",South,Brazil,"Recife,",https://upload.wikimedia.org/wikipedia/commons/thumb/1/1b/Arruda_em_novembro_de_2013.JPG/150px-Arruda_em_novembro_de_2013.JPG,Santa
120,Al-Bayt,"60,000",West,Qatar,Al-Khor,https://upload.wikimedia.org/wikipedia/en/thumb/7/71/Al_Bayt_Stadium_architecture.jpg/150px-Al_Bayt_Stadium_architecture.jpg,Text esta vazio
121,Benjamin,"60,000",Africa,Tanzania,Dar,https://upload.wikimedia.org/wikipedia/commons/thumb/e/ef/Tanzania_National_Main_Stadium_Aerial.jpg/150px-Tanzania_National_Main_Stadium_Aerial.jpg,Tanzania
122,Hefei,"60,000",East,China,"Hefei,",https://upload.wikimedia.org/wikipedia/commons/thumb/8/8e/Hefei_Olympic_Sports_Center_Stadium.jpg/150px-Hefei_Olympic_Sports_Center_Stadium.jpg,Anhui
123,Jaber,"60,000",West,Kuwait,Kuwait,https://upload.wikimedia.org/wikipedia/en/thumb/1/18/Jaber_Al-Ahmad_International_Stadium_2019_local.png/150px-Jaber_Al-Ahmad_International_Stadium_2019_local.png,Kuwait
124,Hammadi,"60,000",Africa,Tunisia,Tunis,https://upload.wikimedia.org/wikipedia/commons/thumb/0/02/Mozambique-Tunisia_match_2009.jpg/150px-Mozambique-Tunisia_match_2009.jpg,Tunisia
125,Jawaharlal,"60,000",South,India,New,https://upload.wikimedia.org/wikipedia/commons/thumb/a/a0/Jawaharlal_Nehru_Stadium%2C_New_Delhi.png/150px-Jawaharlal_Nehru_Stadium%2C_New_Delhi.png,Text esta vazio
126,Mogadishu,"60,000",Africa,Somalia,Mogadishu,https://upload.wikimedia.org/wikipedia/commons/thumb/e/e0/Mogadishustadium.jpg/150px-Mogadishustadium.jpg,Somalia
127,National,"60,000",Africa,Zambia,Lusaka,https://upload.wikimedia.org/wikipedia/commons/thumb/f/fe/Inauguration_of_Edgar_Lungu.jpg/150px-Inauguration_of_Edgar_Lungu.jpg,Zambian
128,Odi,"60,000",Africa,South,"Mabopane,",NO_IMAGE,Text esta vazio
129,Morodok,"60,000",Southeast,Cambodia,Phnom,https://upload.wikimedia.org/wikipedia/commons/thumb/6/6d/Morodok_Techo_National_Stadium.jpg/150px-Morodok_Techo_National_Stadium.jpg,Cambodia
130,Shenyang,"60,000",East,China,"Shenyang,",https://upload.wikimedia.org/wikipedia/commons/thumb/5/52/Shenyang_Olympic_Sports_Center_Stadium_drone_view_1.jpg/150px-Shenyang_Olympic_Sports_Center_Stadium_drone_view_1.jpg,Text esta vazio
131,Optus,"60,000",Oceania,Australia,"Perth,",https://upload.wikimedia.org/wikipedia/commons/thumb/c/cb/Perth_Stadium_opening_210118_gnangarra-10.jpg/150px-Perth_Stadium_opening_210118_gnangarra-10.jpg,Perth
132,Estadio,"59,283",South,Ecuador,Guayaquil,https://upload.wikimedia.org/wikipedia/commons/thumb/3/30/Estadio_Monumental_de_Barcelona.jpg/150px-Estadio_Monumental_de_Barcelona.jpg,Barcelona
133,Groupama,"59,186",Europe,France,Décines-Charpieu,https://upload.wikimedia.org/wikipedia/commons/thumb/c/c4/Stade_Lumi%C3%A8re.jpg/150px-Stade_Lumi%C3%A8re.jpg,Olympique
134,Chongqing,"58,680",East,China,Chongqing,https://upload.wikimedia.org/wikipedia/commons/thumb/e/e1/Chongqing_Olympic_Stadium.jpg/150px-Chongqing_Olympic_Stadium.jpg,Text esta vazio
135,Kazimierz,"58,580",Europe,Poland,Warsaw,https://upload.wikimedia.org/wikipedia/commons/thumb/7/76/National_Stadium_panorama.jpg/150px-National_Stadium_panorama.jpg,Poland
136,Stadio,"58,270",Europe,Italy,"Bari,",https://upload.wikimedia.org/wikipedia/commons/thumb/7/7f/Nuoviseggiolinisannicola.jpg/150px-Nuoviseggiolinisannicola.jpg,SSC
137,Commanders,"58,000",North,United,"Landover,",https://upload.wikimedia.org/wikipedia/commons/thumb/7/78/FedexField2014.jpg/150px-FedexField2014.jpg,Washington
138,Deutsche,"58,000",Europe,Germany,Frankfurt,https://upload.wikimedia.org/wikipedia/commons/thumb/f/f4/Commerzbank-Arena_%28Haupttrib%C3%BCne%29.JPG/150px-Commerzbank-Arena_%28Haupttrib%C3%BCne%29.JPG,Eintracht
139,Estadio,"57,619",Europe,Spain,Seville,https://upload.wikimedia.org/wikipedia/commons/thumb/7/7b/Panoramio_-_V%26A_Dudush_-_Estadio_Ol%C3%ADmpico_57_619.jpg/150px-Panoramio_-_V%26A_Dudush_-_Estadio_Ol%C3%ADmpico_57_619.jpg,Text esta vazio
140,Carter–Finley,"57,583",North,United,"Raleigh,",https://upload.wikimedia.org/wikipedia/commons/thumb/2/2e/Carter_Finley_Stadium_at_Sunset.jpg/150px-Carter_Finley_Stadium_at_Sunset.jpg,NC
141,Estadio,"57,200",South,Argentina,Buenos,https://upload.wikimedia.org/wikipedia/commons/thumb/9/99/La_Bombonera.jpg/150px-La_Bombonera.jpg,CA
142,Volksparkstadion,"57,030",Europe,Germany,Hamburg,https://upload.wikimedia.org/wikipedia/commons/thumb/7/79/Volksparkstadion_Panorama.jpg/150px-Volksparkstadion_Panorama.jpg,Hamburger
143,Estadio,"57,000",South,Argentina,Córdoba,https://upload.wikimedia.org/wikipedia/commons/thumb/d/d9/Estadio_Kempes_luego_de_finalizar_un_partido.jpg/150px-Estadio_Kempes_luego_de_finalizar_un_partido.jpg,Talleres
144,Jinan,"56,808",East,China,"Jinan,",https://upload.wikimedia.org/wikipedia/commons/thumb/1/1f/JinanOlympic.JPG/150px-JinanOlympic.JPG,Shandong
145,Estadio,"56,713",North,Mexico,"Guadalajara,",https://upload.wikimedia.org/wikipedia/commons/thumb/8/82/Estadio_Jalisco_06022022.jpg/150px-Estadio_Jalisco_06022022.jpg,Atlas
146,Commonwealth,"56,302",North,Canada,"Edmonton,",https://upload.wikimedia.org/wikipedia/commons/thumb/f/f3/Commonwealth_Stadium.jpg/150px-Commonwealth_Stadium.jpg,Edmonton
147,Dodger,"56,000",North,United,Los,https://upload.wikimedia.org/wikipedia/commons/thumb/d/d2/Dodger_Stadium_field_from_upper_deck_2015-10-04.jpg/150px-Dodger_Stadium_field_from_upper_deck_2015-10-04.jpg,Los
148,Stade,"56,000",Africa,Algeria,Annaba,https://upload.wikimedia.org/wikipedia/commons/thumb/8/88/Annaba_Stadium.jpg/150px-Annaba_Stadium.jpg,USM
149,Estadi,"55,926",Europe,Spain,"Barcelona,",https://upload.wikimedia.org/wikipedia/commons/thumb/f/ff/Estadi_Ol%C3%ADmpic_Llu%C3%ADs_Companys_-_Barcelona%2C_Spain_-_Jan_2007.jpg/150px-Estadi_Ol%C3%ADmpic_Llu%C3%ADs_Companys_-_Barcelona%2C_Spain_-_Jan_2007.jpg,Text esta vazio
150,Arena,"55,662",South,Brazil,Porto,https://upload.wikimedia.org/wikipedia/commons/thumb/a/a2/Arena_do_Gr%C3%AAmio.jpg/150px-Arena_do_Gr%C3%AAmio.jpg,Grêmio
151,Arena,"55,634",Europe,Romania,Bucharest,https://upload.wikimedia.org/wikipedia/commons/thumb/1/1a/Stadionul_National_-_National_Arena_3.jpg/150px-Stadionul_National_-_National_Arena_3.jpg,Romania
152,Stadion,"55,538",Europe,Serbia,Belgrade,https://upload.wikimedia.org/wikipedia/commons/thumb/7/70/Zvezda_stadion.jpg/150px-Zvezda_stadion.jpg,Red
153,Stadion,"55,211",Europe,Poland,Chorzów,https://upload.wikimedia.org/wikipedia/commons/thumb/c/c4/Widok_bramka.jpg/150px-Widok_bramka.jpg,Poland
154,Etihad,"55,097",Europe,England,"Manchester,",https://upload.wikimedia.org/wikipedia/commons/thumb/b/b8/Etihad_Stadium.jpg/150px-Etihad_Stadium.jpg,Manchester
155,Mestalla,"55,000",Europe,Spain,Valencia,https://upload.wikimedia.org/wikipedia/commons/thumb/a/af/CAMP_DE_MESTALLA_GRADA_DE_LA_MAR_2014_%282%29.JPG/150px-CAMP_DE_MESTALLA_GRADA_DE_LA_MAR_2014_%282%29.JPG,Valencia
156,National,"55,000",Southeast,Singapore,Singapore,https://upload.wikimedia.org/wikipedia/commons/thumb/f/f5/SingaporeNationalStadiumJapanBrazilFootball.jpg/150px-SingaporeNationalStadiumJapanBrazilFootball.jpg,Singapore
157,National,"55,000",East,Taiwan,Kaohsiung,https://upload.wikimedia.org/wikipedia/commons/thumb/5/5f/The_Main_Stadium_for_2009_World_Games_panorama.jpg/150px-The_Main_Stadium_for_2009_World_Games_panorama.jpg,Chinese
158,He,"55,000",East,China,"Changsha,",https://upload.wikimedia.org/wikipedia/commons/thumb/7/75/Helong_Stadium.jpg/150px-Helong_Stadium.jpg,Text esta vazio
159,Cape,"55,000",Africa,South,Cape,https://upload.wikimedia.org/wikipedia/commons/thumb/0/06/Cape_Town_Stadium_Inside.jpg/150px-Cape_Town_Stadium_Inside.jpg,Cape
160,Plovdiv,"55,000",Europe,Bulgaria,Plovdiv,https://upload.wikimedia.org/wikipedia/commons/thumb/0/0c/Plovdiv_Stadium.JPG/150px-Plovdiv_Stadium.JPG,Text esta vazio
161,Bobby,"55,000",North,United,Atlanta,https://upload.wikimedia.org/wikipedia/commons/thumb/a/a4/BDS2013.jpg/150px-BDS2013.jpg,Georgia
162,Johan,"54,990",Europe,Netherlands,Amsterdam,https://upload.wikimedia.org/wikipedia/commons/thumb/7/73/Ajax_0_Chelsea_1_%2823Oct19%29.jpg/150px-Ajax_0_Chelsea_1_%2823Oct19%29.jpg,AFC
163,Tianhe,"54,856",East,China,"Guangzhou,",https://upload.wikimedia.org/wikipedia/commons/thumb/1/1f/Tianhe_Stadium.jpg/150px-Tianhe_Stadium.jpg,Text esta vazio
164,Stadio,"54,726",Europe,Italy,Naples,https://upload.wikimedia.org/wikipedia/commons/thumb/f/f0/Braciere_olimpico_XXX_Universiade_Napoli_2019.jpg/150px-Braciere_olimpico_XXX_Universiade_Napoli_2019.jpg,SSC
165,Tianjin,"54,696",East,China,Tianjin,https://upload.wikimedia.org/wikipedia/commons/thumb/7/72/Tianjin_Olympic_Center_Stadium.jpg/150px-Tianjin_Olympic_Center_Stadium.jpg,Tianjin
166,MERKUR,"54,600",Europe,Germany,Düsseldorf,https://upload.wikimedia.org/wikipedia/commons/thumb/a/a7/LTU_arena_panorama.jpg/150px-LTU_arena_panorama.jpg,Fortuna
167,Boris,"54,549",West,Georgia,Tbilisi,https://upload.wikimedia.org/wikipedia/commons/thumb/3/38/Boris_Paichadze_Dinamo_Arena%2C_Samtredia_-_Qaraba%C4%9F.jpg/150px-Boris_Paichadze_Dinamo_Arena%2C_Samtredia_-_Qaraba%C4%9F.jpg,Georgia
168,Wuhan,"54,357",East,China,"Wuhan,",https://upload.wikimedia.org/wikipedia/commons/thumb/6/6d/Wuhan_Sport_Centre_01.jpg/150px-Wuhan_Sport_Centre_01.jpg,Text esta vazio
169,BC,"54,320",North,Canada,"Vancouver,",https://upload.wikimedia.org/wikipedia/commons/thumb/f/ff/BC_Place_2015_Women%27s_FIFA_World_Cup.jpg/150px-BC_Place_2015_Women%27s_FIFA_World_Cup.jpg,Vancouver
170,Yankee,"54,251",North,United,New,https://upload.wikimedia.org/wikipedia/commons/thumb/5/5f/YankeeStadium-9-21-22-1.jpg/150px-YankeeStadium-9-21-22-1.jpg,New
171,Hrazdan,"54,208",West,Armenia,Yerevan,https://upload.wikimedia.org/wikipedia/commons/thumb/7/71/HrazdanArmeniaTurkey.JPG/150px-HrazdanArmeniaTurkey.JPG,FC
172,BORUSSIA-PARK,"54,057",Europe,Germany,Mönchengladbach,https://upload.wikimedia.org/wikipedia/commons/thumb/5/5d/Borussia-Park_DEU-FRA_2011.jpg/150px-Borussia-Park_DEU-FRA_2011.jpg,Borussia
173,Moses,"54,000",Africa,South,"Durban,",https://upload.wikimedia.org/wikipedia/commons/thumb/9/9c/FIFA_World_Cup_2010_Netherlands_Japan.jpg/150px-FIFA_World_Cup_2010_Netherlands_Japan.jpg,AmaZulu
174,Busan,"53,864",East,South,Busan,https://upload.wikimedia.org/wikipedia/commons/thumb/7/73/BusanAsiadStadium.jpg/150px-BusanAsiadStadium.jpg,Busan
175,Estádio,"53,645",South,Brazil,"Belém,",https://upload.wikimedia.org/wikipedia/commons/thumb/6/6e/Mangueir%C3%A3o_em_2023.jpg/150px-Mangueir%C3%A3o_em_2023.jpg,Paysandu
176,Estadio,"53,600",South,Argentina,La,https://upload.wikimedia.org/wikipedia/commons/thumb/8/88/EstadioUnicoLaPlata_Interior_June2014.jpg/150px-EstadioUnicoLaPlata_Interior_June2014.jpg,Text esta vazio
177,Adelaide,"53,500",Oceania,Australia,"Adelaide,",https://upload.wikimedia.org/wikipedia/commons/thumb/a/a3/After_Game_Kick_and_Catch_%2813750115664%29.jpg/150px-After_Game_Kick_and_Catch_%2813750115664%29.jpg,Adelaide
178,Docklands,"53,359",Oceania,Australia,"Melbourne,",https://upload.wikimedia.org/wikipedia/commons/thumb/7/71/Melbourne_Derby_December_2014.jpg/150px-Melbourne_Derby_December_2014.jpg,Western
179,Estádio,"53,350",South,Brazil,"Uberlândia,",https://upload.wikimedia.org/wikipedia/commons/thumb/2/2f/Est%C3%A1dio_Parque_do_Sabi%C3%A1.jpg/150px-Est%C3%A1dio_Parque_do_Sabi%C3%A1.jpg,Uberlânia
180,San,"53,332",Europe,Spain,Bilbao,https://upload.wikimedia.org/wikipedia/commons/thumb/f/f8/San_Mames%2C_Bilbao%2C_Euskal_Herria_-_Basque_Country.jpg/150px-San_Mames%2C_Bilbao%2C_Euskal_Herria_-_Basque_Country.jpg,Athletic
181,Aleppo,"53,200",West,Syria,Aleppo,https://upload.wikimedia.org/wikipedia/commons/thumb/b/be/Aleppo_International_Stadium%2C_day_view%2C_2009_%281%29.jpg/150px-Aleppo_International_Stadium%2C_day_view%2C_2009_%281%29.jpg,Al-Ittihad
182,Estadio,"53,086",South,Peru,Lima,https://upload.wikimedia.org/wikipedia/commons/thumb/b/b8/Estadio_Nacional_nuevo_07_10_2011.jpg/150px-Estadio_Nacional_nuevo_07_10_2011.jpg,Peru
183,Huanglong,"52,672",East,China,"Hangzhou,",https://upload.wikimedia.org/wikipedia/commons/thumb/5/53/Hangzhou-yellow-dragon-stad.jpg/150px-Hangzhou-yellow-dragon-stad.jpg,Hangzhou
184,RAMS,"52,652",Europe,Turkey,Istanbul,https://upload.wikimedia.org/wikipedia/commons/thumb/d/d7/Galatasaray_Arena_North-West_Corner.jpg/150px-Galatasaray_Arena_North-West_Corner.jpg,Galatasaray
185,Suncorp,"52,500",Oceania,Australia,"Brisbane,",https://upload.wikimedia.org/wikipedia/commons/thumb/4/46/Suncorpstadium071006a.JPG/150px-Suncorpstadium071006a.JPG,Brisbane
186,St.,"52,405",Europe,England,Newcastle,https://upload.wikimedia.org/wikipedia/commons/thumb/6/6e/StJamesParkPanorama.jpg/150px-StJamesParkPanorama.jpg,Newcastle
187,Kings,"52,000",Africa,South,"Durban,",https://upload.wikimedia.org/wikipedia/commons/thumb/b/bc/Kings_Park_panorama.jpg/150px-Kings_Park_panorama.jpg,Lamontville
188,Newlands,"51,900",Africa,South,Cape,https://upload.wikimedia.org/wikipedia/commons/thumb/4/48/Proudly_South_African.jpg/150px-Proudly_South_African.jpg,Text esta vazio
189,Hampden,"51,866",Europe,Scotland,Glasgow,https://upload.wikimedia.org/wikipedia/commons/thumb/d/dc/Hampden_Park%2C_January_2023.jpg/150px-Hampden_Park%2C_January_2023.jpg,Scotland
190,Estadio,"51,796",South,Venezuela,Maturín,https://upload.wikimedia.org/wikipedia/commons/thumb/8/8d/Monumental_de_maturin_3.jpg/150px-Monumental_de_maturin_3.jpg,Monagas
191,Loftus,"51,762",Africa,South,"Pretoria,",https://upload.wikimedia.org/wikipedia/commons/thumb/6/6c/Loftus_Versfeld_Game_Night.JPG/150px-Loftus_Versfeld_Game_Night.JPG,SuperSport
192,Aviva,"51,700",Europe,Ireland,Dublin,https://upload.wikimedia.org/wikipedia/commons/thumb/a/a1/Aviva_Stadium_Panoramic.jpg/150px-Aviva_Stadium_Panoramic.jpg,Leinster
193,Guiyang,"51,638",East,China,"Guiyang,",https://upload.wikimedia.org/wikipedia/commons/thumb/c/c3/Guiyang_Olympic_Sports_Center.jpg/150px-Guiyang_Olympic_Sports_Center.jpg,Text esta vazio
194,Hohhot,"51,632",East,China,"Hohhot,",https://upload.wikimedia.org/wikipedia/commons/thumb/5/57/Hohhot_City_Stadium.jpg/150px-Hohhot_City_Stadium.jpg,Text esta vazio
195,Rajamangala,"51,552",Southeast,Thailand,Bangkok,https://upload.wikimedia.org/wikipedia/commons/thumb/0/06/Rajamangala_Stadium_Panorama.jpg/150px-Rajamangala_Stadium_Panorama.jpg,Thailand
196,Donbass,"51,504",Europe,Ukraine,Donetsk,https://upload.wikimedia.org/wikipedia/en/thumb/8/8c/Donbass_Arena.jpg/150px-Donbass_Arena.jpg,Text esta vazio
197,Estadio,"51,389",South,Argentina,Avellaneda,https://upload.wikimedia.org/wikipedia/commons/thumb/7/77/Panoramica_Cilindro.jpg/150px-Panoramica_Cilindro.jpg,Racing
198,İzmir,"51,295",West,Turkey,İzmir,https://upload.wikimedia.org/wikipedia/commons/thumb/e/ec/%C4%B0zmir_Atat%C3%BCrk_Stadyumu.jpg/150px-%C4%B0zmir_Atat%C3%BCrk_Stadyumu.jpg,Altay
199,Stadion,"51,117",Europe,Netherlands,Rotterdam,https://upload.wikimedia.org/wikipedia/commons/thumb/8/89/Rotterdam_De_Kuip_1.jpg/150px-Rotterdam_De_Kuip_1.jpg,Feyenoord
200,Estadio,"51,000",North,Mexico,Monterrey,https://upload.wikimedia.org/wikipedia/commons/thumb/f/f9/Estadio_BBVA.jpg/150px-Estadio_BBVA.jpg,CF
201,Ghadir,"51,000",West,Iran,Ahvaz,https://upload.wikimedia.org/wikipedia/commons/thumb/5/5a/Al-Ghadeer_Stadium.jpg/150px-Al-Ghadeer_Stadium.jpg,Foolad
202,Estádio,"50,942",South,Brazil,Porto,https://upload.wikimedia.org/wikipedia/commons/thumb/3/31/Beira-Rio-Stadium-Porto-Alegre-Brazil.jpg/150px-Beira-Rio-Stadium-Porto-Alegre-Brazil.jpg,SC
203,Ibrox,"50,817",Europe,Scotland,Glasgow,https://upload.wikimedia.org/wikipedia/commons/thumb/4/41/Rangers-SM_%281%29.jpg/150px-Rangers-SM_%281%29.jpg,Rangers
204,Shizuoka,"50,889",East,Japan,"Fukuroi,",https://upload.wikimedia.org/wikipedia/commons/thumb/d/d7/Ecopa030304.jpg/150px-Ecopa030304.jpg,Júbilo
205,Ernst-Happel-Stadion,"50,865",Europe,Austria,Vienna,https://upload.wikimedia.org/wikipedia/commons/thumb/3/3c/EM_2008_Elfmeter_Kroatien_%C3%96sterreich.jpg/150px-EM_2008_Elfmeter_Kroatien_%C3%96sterreich.jpg,Austria
206,Huntington,"50,805",North,United,Minneapolis,https://upload.wikimedia.org/wikipedia/en/thumb/c/cf/MNUFCTCF.jpeg/150px-MNUFCTCF.jpeg,Minnesota
207,Estadio,"50,754",North,Mexico,Puebla,https://upload.wikimedia.org/wikipedia/commons/thumb/2/24/Rampa_norte.jpg/150px-Rampa_norte.jpg,Puebla
208,Strawberry,"50,653",Europe,Sweden,Solna,https://upload.wikimedia.org/wikipedia/commons/thumb/2/2b/FriendsArena_SwedenSpain.jpg/150px-FriendsArena_SwedenSpain.jpg,Sweden
209,Ülker,"50,509",West,Turkey,Istanbul,https://upload.wikimedia.org/wikipedia/commons/thumb/6/67/Sukrusaracoglu.jpg/150px-Sukrusaracoglu.jpg,Fenerbahçe
210,Stanford,"50,424",North,United,Palo,https://upload.wikimedia.org/wikipedia/commons/thumb/d/da/2008-1115-006-USC-Stanford-PAN.jpg/150px-2008-1115-006-USC-Stanford-PAN.jpg,Text esta vazio
211,Stade,"50,186",Europe,France,Villeneuve-d'Ascq,https://upload.wikimedia.org/wikipedia/commons/thumb/9/90/Mauroy_Stadium_Eurobasket_2015.JPG/150px-Mauroy_Stadium_Eurobasket_2015.JPG,Lille
212,Stade,"50,122",Europe,Belgium,Brussels,https://upload.wikimedia.org/wikipedia/commons/thumb/a/a4/Stade_Roi_Baudouin.JPG/150px-Stade_Roi_Baudouin.JPG,Belgium
213,Shaanxi,"50,100",East,China,"Xi'an,",NO_IMAGE,Text esta vazio
214,Ajinomoto,"50,100",East,Japan,"Chofu,",https://upload.wikimedia.org/wikipedia/commons/thumb/5/5c/Ajinomoto_Stadium_2018-13.jpg/150px-Ajinomoto_Stadium_2018-13.jpg,FC
215,Estádio,"50,095",Europe,Portugal,Lisbon,https://upload.wikimedia.org/wikipedia/commons/thumb/c/cc/Alvalade0023.jpg/150px-Alvalade0023.jpg,Sporting
216,Estádio,"50,033",Europe,Portugal,Porto,https://upload.wikimedia.org/wikipedia/commons/thumb/b/b8/Porto_Est%C3%A1dio_do_Drag%C3%A3o_2.jpg/150px-Porto_Est%C3%A1dio_do_Drag%C3%A3o_2.jpg,FC
217,Casa,"50,025",South,Brazil,"Salvador,",https://upload.wikimedia.org/wikipedia/commons/thumb/3/35/Arena_Fonte_Nova_External_View.jpg/150px-Arena_Fonte_Nova_External_View.jpg,EC
218,Stade,"50,000",Africa,Tunisia,Sousse,https://upload.wikimedia.org/wikipedia/commons/thumb/b/be/Stade_olympique_de_Sousse.jpg/150px-Stade_olympique_de_Sousse.jpg,Étoile
219,RheinEnergieSTADION,"50,000",Europe,Germany,Cologne,https://upload.wikimedia.org/wikipedia/commons/thumb/8/82/FIFA_WM06_Stadion_Koeln.jpg/150px-FIFA_WM06_Stadion_Koeln.jpg,1.
220,Harbin,"50,000",East,China,"Harbin,",NO_IMAGE,Text esta vazio
221,Greenfield,"50,000",South,India,Trivandrum,https://upload.wikimedia.org/wikipedia/commons/thumb/3/35/Greenfield_International_Stadium_Kerala.jpg/150px-Greenfield_International_Stadium_Kerala.jpg,Text esta vazio
222,EMS,"50,000",South,India,Kozhikode,https://upload.wikimedia.org/wikipedia/commons/thumb/1/1b/Kozhikode_EMS_Stadium.jpg/150px-Kozhikode_EMS_Stadium.jpg,India
223,KD,"50,000",South,India,Lucknow,https://upload.wikimedia.org/wikipedia/commons/thumb/6/60/K_D_Singh_Babu_Stadium.jpg/150px-K_D_Singh_Babu_Stadium.jpg,Text esta vazio
224,Eden,"50,000",Oceania,New,Auckland,https://upload.wikimedia.org/wikipedia/commons/thumb/e/e6/Auckland_EdenPark.jpg/150px-Auckland_EdenPark.jpg,Auckland
225,Estádio,"50,000",Africa,Angola,Luanda,https://upload.wikimedia.org/wikipedia/commons/thumb/6/6b/Football_stadium_%286178263468%29.jpg/150px-Football_stadium_%286178263468%29.jpg,Angola
226,Henan,"50,000",East,China,"Zhengzhou,",NO_IMAGE,Text esta vazio
227,Jiangxi,"50,000",East,China,"Nanchang,",NO_IMAGE,Text esta vazio
228,Max-Morlock-Stadion,"50,000",Europe,Germany,Nuremberg,https://upload.wikimedia.org/wikipedia/commons/thumb/1/15/Frankenstadion_2.JPG/150px-Frankenstadion_2.JPG,1.
229,June,"50,000",Africa,Libya,Tripoli,https://upload.wikimedia.org/wikipedia/commons/thumb/7/77/11_June_Stadium_BenTaher.jpg/150px-11_June_Stadium_BenTaher.jpg,"Libya,"
230,Xinjiang,"50,000",East,China,"Urumqi,",NO_IMAGE,Text esta vazio
231,Kim,"50,000",East,North,Pyongyang,https://upload.wikimedia.org/wikipedia/commons/thumb/3/39/North_Korea_v_Philippines%2C_8_October_2015_F.png/150px-North_Korea_v_Philippines%2C_8_October_2015_F.png,Pyongyang
232,EDION,"50,000",East,Japan,Hiroshima,https://upload.wikimedia.org/wikipedia/commons/thumb/3/3e/Big_Arch_Stadium_Panorama.jpg/150px-Big_Arch_Stadium_Panorama.jpg,Sanfrecce
233,Pars,"50,000",West,Iran,Shiraz,https://upload.wikimedia.org/wikipedia/commons/thumb/b/be/Pars_Stadium_Photos_Image_6.jpg/150px-Pars_Stadium_Photos_Image_6.jpg,Fajr
234,Stade,"50,000",Africa,Mali,Bamako,https://upload.wikimedia.org/wikipedia/commons/thumb/1/10/Stade_du_26-mars.png/150px-Stade_du_26-mars.png,Stade
235,Stade,"50,000",Africa,Senegal,Dakar,NO_IMAGE,Senegal
236,Sultan,"50,000",Southeast,Malaysia,Kuala,https://upload.wikimedia.org/wikipedia/commons/thumb/0/00/Sultan_Mizan_Zainal_Abidin_Stadium_%28Night%29_2021.jpg/150px-Sultan_Mizan_Zainal_Abidin_Stadium_%28Night%29_2021.jpg,Terengganu
237,Estadio,"49,850",North,Mexico,Guadalajara,https://upload.wikimedia.org/wikipedia/commons/thumb/f/f1/Omnilife_Stadium.png/150px-Omnilife_Stadium.png,C.D.
238,Levy,"49,800",Africa,Zambia,Lusaka,NO_IMAGE,Zesco
239,Fritz-Walter-Stadion,"49,780",Europe,Germany,Kaiserslautern,https://upload.wikimedia.org/wikipedia/commons/thumb/1/18/Kaiserslautern_18.JPG/150px-Kaiserslautern_18.JPG,1.
240,Estadio,"49,540",South,Argentina,Buenos,https://upload.wikimedia.org/wikipedia/commons/thumb/3/33/Argentina_A_vs_Inglaterra_A_02.JPG/150px-Argentina_A_vs_Inglaterra_A_02.JPG,CA
241,Camille,"49,500",West,Lebanon,Beirut,https://upload.wikimedia.org/wikipedia/commons/thumb/a/a8/Camille_Chamoun_Sports_City_Stadium_2018_-_Beirut_derby_%28Nejmeh_fans%29.png/150px-Camille_Chamoun_Sports_City_Stadium_2018_-_Beirut_derby_%28Nejmeh_fans%29.png,Lebanon
242,Miyagi,"49,133",East,Japan,"Rifu,",https://upload.wikimedia.org/wikipedia/commons/thumb/9/9b/MiyagiStadiumTrackField.jpg/150px-MiyagiStadiumTrackField.jpg,Vegalta
243,Incheon,"49,084",East,South,Incheon,https://upload.wikimedia.org/wikipedia/commons/thumb/d/df/Munhak_Stadium_Corner.jpg/150px-Munhak_Stadium_Corner.jpg,Text esta vazio
244,Heinz-von-Heiden-Arena,"49,000",Europe,Germany,Hanover,https://upload.wikimedia.org/wikipedia/commons/thumb/9/9e/HDI_Arena%2C_WM_Stadion_2006.jpg/150px-HDI_Arena%2C_WM_Stadion_2006.jpg,Hannover
245,Parc,"48,712",Europe,France,Paris,https://upload.wikimedia.org/wikipedia/commons/thumb/8/89/PSG-Nantes_Parc_des_Princes_05.jpg/150px-PSG-Nantes_Parc_des_Princes_05.jpg,Paris
246,Stadium,"48,707",Europe,England,"Sunderland,",https://upload.wikimedia.org/wikipedia/commons/thumb/7/7d/Stadium_of_Light%2C_Sunderland_afc.jpg/150px-Stadium_of_Light%2C_Sunderland_afc.jpg,Sunderland
247,Estadio,"48,665",South,Chile,Santiago,https://upload.wikimedia.org/wikipedia/commons/thumb/1/15/Adios_Matador.jpg/150px-Adios_Matador.jpg,Chile
248,Nelson,"48,459",Africa,South,Port,https://upload.wikimedia.org/wikipedia/commons/thumb/9/9b/Nelson_Mandela_Stadium_in_Port_Elizabeth_%28cropped%29.jpg/150px-Nelson_Mandela_Stadium_in_Port_Elizabeth_%28cropped%29.jpg,Chippa
249,Estadio,"48,314",South,Argentina,Buenos,https://upload.wikimedia.org/wikipedia/commons/thumb/3/3c/Estadio_huracan_interior_tribuna_gcba.jpg/150px-Estadio_huracan_interior_tribuna_gcba.jpg,CA
250,Jinnah,"48,200",South,Pakistan,Islamabad,https://upload.wikimedia.org/wikipedia/commons/thumb/1/12/Jinnah_Sports_Stadium_track_and_field.jpg/150px-Jinnah_Sports_Stadium_track_and_field.jpg,Pakistan
251,Estadio,"48,069",South,Argentina,Avellaneda,https://upload.wikimedia.org/wikipedia/commons/thumb/b/b3/Estadio_Libertadores_de_America_2014.JPG/150px-Estadio_Libertadores_de_America_2014.JPG,Club
252,Free,"48,000",Africa,South,"Bloemfontein,",https://upload.wikimedia.org/wikipedia/commons/thumb/9/9e/Free_State_Stadium1.jpg/150px-Free_State_Stadium1.jpg,Bloemfontein
253,Nagai,"47,816",East,Japan,Osaka,https://upload.wikimedia.org/wikipedia/commons/thumb/3/3e/Nagai_stadium20040717.jpg/150px-Nagai_stadium20040717.jpg,Cerezo
254,Neo,"47,605",South,Brazil,São,https://upload.wikimedia.org/wikipedia/commons/thumb/6/64/Corinthians_x_Gr%C3%AAmio_-_Brasileir%C3%A3o_2016.jpg/150px-Corinthians_x_Gr%C3%AAmio_-_Brasileir%C3%A3o_2016.jpg,Corinthians
255,Rogers,"47,568",North,Canada,"Toronto,",https://upload.wikimedia.org/wikipedia/commons/thumb/7/79/Toronto_-_ON_-_Rogers_Centre2.jpg/150px-Toronto_-_ON_-_Rogers_Centre2.jpg,Toronto
256,Estadio,"47,347",South,Chile,Santiago,https://upload.wikimedia.org/wikipedia/commons/thumb/0/0e/Estadio_Monumental_2009.jpg/150px-Estadio_Monumental_2009.jpg,Colo-Colo
257,Stadio,"47,282",Europe,Italy,Florence,https://upload.wikimedia.org/wikipedia/commons/thumb/a/aa/Soccer_in_Florence%2C_Italy%2C_2007.jpg/150px-Soccer_in_Florence%2C_Italy%2C_2007.jpg,ACF
258,Estadio,"47,027",South,Argentina,Lanús,https://upload.wikimedia.org/wikipedia/commons/thumb/1/1e/Editat%C3%B3n_Club_Lan%C3%BAs_-_Instalaciones_%288%29.JPG/150px-Editat%C3%B3n_Club_Lan%C3%BAs_-_Instalaciones_%288%29.JPG,CA
259,Estadio,"46,788",South,Colombia,Barranquilla,https://upload.wikimedia.org/wikipedia/commons/thumb/b/b0/Estadio_Metropolitano_de_Baranquilla_2011.jpg/150px-Estadio_Metropolitano_de_Baranquilla_2011.jpg,Colombia
260,Estádio,"46,831",South,Brazil,Rio,https://upload.wikimedia.org/wikipedia/commons/thumb/a/a8/Est%C3%A1dio_Municipal_Jo%C3%A3o_Havelange_14072007.jpg/150px-Est%C3%A1dio_Municipal_Jo%C3%A3o_Havelange_14072007.jpg,Botafogo
261,Itaipava,"46,154",South,Brazil,São,https://upload.wikimedia.org/wikipedia/commons/thumb/6/62/Panorama_of_Arena_Pernambuco.jpg/150px-Panorama_of_Arena_Pernambuco.jpg,Náutico
262,Arena,"46,000",South,Brazil,Belo,https://upload.wikimedia.org/wikipedia/commons/thumb/5/54/Arena_MRV_em_obras_vista_da_Via_Expressa_%28dezembro_de_2022%29.jpg/150px-Arena_MRV_em_obras_vista_da_Via_Expressa_%28dezembro_de_2022%29.jpg,C
263,Estádio,"45,954",South,Brazil,Presidente,https://upload.wikimedia.org/wikipedia/commons/thumb/c/c0/Derby_Paulista_%28Corinthians-Palmeiras%29_Paulist%C3%A3o_2009.jpg/150px-Derby_Paulista_%28Corinthians-Palmeiras%29_Paulist%C3%A3o_2009.jpg,Grêmio
264,Estadio,"45,739",South,Colombia,Medellín,https://upload.wikimedia.org/wikipedia/commons/thumb/4/4a/Atanasio_Girardot_Stadium.jpg/150px-Atanasio_Girardot_Stadium.jpg,Atlético
265,Estadio,"45,500",Europe,Spain,Seville,https://upload.wikimedia.org/wikipedia/commons/thumb/1/17/Sevilla2-1Lega20182.jpg/150px-Sevilla2-1Lega20182.jpg,Sevilla
266,Adrar,"45,480",Africa,Morocco,Agadir,https://upload.wikimedia.org/wikipedia/commons/thumb/5/51/Stade-Adrar2019.png/150px-Stade-Adrar2019.png,Hassania
267,Lukoil,"45,360",Europe,Russia,Moscow,https://upload.wikimedia.org/wikipedia/commons/thumb/6/62/Match_veteranov_Spartaka_%2813%29.jpg/150px-Match_veteranov_Spartaka_%2813%29.jpg,Spartak
268,Grand,"45,240",Africa,Morocco,Marrakesh,https://upload.wikimedia.org/wikipedia/commons/thumb/0/0d/Stade_de_marrakech.jpg/150px-Stade_de_marrakech.jpg,Kawkab
269,Mandela,"45,202",Africa,Uganda,Kampala,https://upload.wikimedia.org/wikipedia/commons/thumb/3/3c/Mandela_National_Stadium%2C_Uganda.JPG/150px-Mandela_National_Stadium%2C_Uganda.JPG,Uganda
270,Tarczyński,"45,105",Europe,Poland,Wrocław,https://upload.wikimedia.org/wikipedia/commons/thumb/a/a3/Wroc%C5%82aw_Municipal_Stadium_-_Euro_2012_%28panorama%29.jpg/150px-Wroc%C5%82aw_Municipal_Stadium_-_Euro_2012_%28panorama%29.jpg,Śląsk
271,Kazan,"45,105",Europe,Russia,Kazan,https://upload.wikimedia.org/wikipedia/commons/thumb/5/56/Poland_v._Colombia_%2842095441565%29.jpg/150px-Poland_v._Colombia_%2842095441565%29.jpg,Rubin
272,Estadio,"45,056",South,Peru,Cusco,https://upload.wikimedia.org/wikipedia/commons/thumb/1/10/Estadio_garcilaso_cienciano.jpg/150px-Estadio_garcilaso_cienciano.jpg,CS
273,Estádio,"45,000",Africa,Mozambique,Maputo,NO_IMAGE,Mozambique
274,Stadion,"45,000",Southeast,Indonesia,"Surabaya,",NO_IMAGE,Persebaya
275,Stadion,"45,000",Southeast,Indonesia,Banda,NO_IMAGE,"Persiraja,"
276,Estadio,"45,000",South,Paraguay,Asunción,https://upload.wikimedia.org/wikipedia/commons/thumb/c/c4/Estadio_General_Pablo_Rojas.jpg/150px-Estadio_General_Pablo_Rojas.jpg,Club
277,Stade,"45,000",Africa,Morocco,Casablanca,https://upload.wikimedia.org/wikipedia/commons/thumb/7/70/Stade_Mohamed_V%2C_Casablanca.jpg/150px-Stade_Mohamed_V%2C_Casablanca.jpg,"Wydad,"
278,Latakia,"45,000",West,Syria,Latakia,NO_IMAGE,Text esta vazio
279,Zibo,"45,000",East,China,"Zibo,",NO_IMAGE,Text esta vazio
280,Weifang,"45,000",East,China,"Weifang,",NO_IMAGE,Text esta vazio
281,Yantai,"45,000",East,China,"Yantai,",NO_IMAGE,Text esta vazio
282,Stadium,"45,000",Southeast,Malaysia,Seremban,https://upload.wikimedia.org/wikipedia/commons/thumb/f/f5/Stadium_Tuanku_Abdul_Rahman%2C_Paroi.jpg/150px-Stadium_Tuanku_Abdul_Rahman%2C_Paroi.jpg,ATM
283,Stade,"45,000",Africa,Morocco,Fes,https://upload.wikimedia.org/wikipedia/commons/thumb/1/1c/Complexe_sportif_de_F%C3%A8s.jpg/150px-Complexe_sportif_de_F%C3%A8s.jpg,Wydad
284,Lagos,"45,000",Africa,Nigeria,Lagos,NO_IMAGE,Nigeria
285,Egyptian,"45,000",Africa,Egypt,Suez,NO_IMAGE,Text esta vazio
286,Toyota,"45,000",East,Japan,Toyota,https://upload.wikimedia.org/wikipedia/commons/thumb/5/58/JPNxGEO20180623_%283%29.jpg/150px-JPNxGEO20180623_%283%29.jpg,Nagoya
287,Zayed,"45,000",West,United,Abu,https://upload.wikimedia.org/wikipedia/commons/thumb/a/a7/Abu_Dhabi_Zayed_Sports_City_Stadium_2.jpg/150px-Abu_Dhabi_Zayed_Sports_City_Stadium_2.jpg,Text esta vazio
288,Red,"44,345",Europe,Germany,Leipzig,https://upload.wikimedia.org/wikipedia/commons/thumb/c/ca/Leipzig_stadium.jpg/150px-Leipzig_stadium.jpg,RB
289,Estádio,"44,200",South,Brazil,Teresina,NO_IMAGE,River
290,Estádio,"44,200",South,Brazil,Campo,https://upload.wikimedia.org/wikipedia/commons/thumb/f/fa/0253l.jpg/150px-0253l.jpg,EC
291,Ulsan,"44,102",East,South,Ulsan,https://upload.wikimedia.org/wikipedia/commons/thumb/b/b2/Munsu_20121110_204310_5.jpg/150px-Munsu_20121110_204310_5.jpg,Ulsan
292,Arena,"44,097",South,Brazil,"Cuiabá,",https://upload.wikimedia.org/wikipedia/commons/thumb/1/1c/Arena_Pantanal.jpg/150px-Arena_Pantanal.jpg,"Cuiabá,"
293,Arena,"44,000",South,Brazil,"Manaus,",https://upload.wikimedia.org/wikipedia/commons/thumb/4/43/Arena_Amaz%C3%B4nia_Manaus.jpg/150px-Arena_Amaz%C3%B4nia_Manaus.jpg,Nacional
294,Suwon,"43,959",East,South,Suwon,https://upload.wikimedia.org/wikipedia/commons/thumb/2/2e/20121003_Suwon_vs_Seoul.jpg/150px-20121003_Suwon_vs_Seoul.jpg,Suwon
295,Stadion,"43,923",Southeast,Indonesia,"Pekanbaru,",https://upload.wikimedia.org/wikipedia/commons/thumb/4/4b/Riau_Main_Stadium_%28cropped%29.JPG/150px-Riau_Main_Stadium_%28cropped%29.JPG,PSPS
296,Allianz,"43,713",South,Brazil,São,https://upload.wikimedia.org/wikipedia/commons/thumb/9/95/Imagens_da_Cidade_de_S%C3%A3o_Paulo_e_Zool%C3%B3gico_da_Capital_Paulista._%2847480340301%29.jpg/150px-Imagens_da_Cidade_de_S%C3%A3o_Paulo_e_Zool%C3%B3gico_da_Capital_Paulista._%2847480340301%29.jpg,SE
297,Shandong,"43,700",East,China,"Jinan,",https://upload.wikimedia.org/wikipedia/commons/thumb/4/49/SHANGDONGSPORTS.jpg/150px-SHANGDONGSPORTS.jpg,Text esta vazio
298,Polsat,"43,615",Europe,Poland,Gdańsk,https://upload.wikimedia.org/wikipedia/commons/thumb/1/17/Gda%C5%84sk%2C_Stadion_PGE_Arena_-_fotopolska.eu_%28326975%29.jpg/150px-Gda%C5%84sk%2C_Stadion_PGE_Arena_-_fotopolska.eu_%28326975%29.jpg,Lechia
299,Estadio,"43,494",South,Argentina,Buenos,https://upload.wikimedia.org/wikipedia/commons/thumb/1/10/Platea_Este_Nuevo_Gasometro_1.jpg/150px-Platea_Este_Nuevo_Gasometro_1.jpg,CA
300,Stadion,"43,269",Europe,Poland,Poznań,https://upload.wikimedia.org/wikipedia/commons/thumb/c/c0/Stadion_Miejski_w_Poznaniu_2013_panorama.jpg/150px-Stadion_Miejski_w_Poznaniu_2013_panorama.jpg,Lech
301,Vasil,"43,230",Europe,Bulgaria,Sofia,https://upload.wikimedia.org/wikipedia/commons/thumb/9/93/Vasil_Levski_National_Stadium_2022.jpg/150px-Vasil_Levski_National_Stadium_2022.jpg,Bulgaria
302,Estadio,"43,000",South,Peru,Lima,https://upload.wikimedia.org/wikipedia/commons/thumb/0/06/Vista_estadios_san_marcos.jpg/150px-Vista_estadios_san_marcos.jpg,Deportivo
303,Ullevi,"43,000",Europe,Sweden,Gothenburg,https://upload.wikimedia.org/wikipedia/commons/thumb/8/8d/Ullevi_stadium%2C_23_june_2018.png/150px-Ullevi_stadium%2C_23_june_2018.png,Sweden
304,Jinzhou,"43,000",East,China,Jinzhou,NO_IMAGE,Text esta vazio
305,Estadio,"42,901",South,Colombia,Cúcuta,https://upload.wikimedia.org/wikipedia/commons/thumb/4/46/Cucuta704.jpg/150px-Cucuta704.jpg,Cúcuta
306,Villa,"42,682",Europe,England,"Birmingham,",https://upload.wikimedia.org/wikipedia/commons/thumb/a/a1/Villa_Stadion_panorama_2016.jpg/150px-Villa_Stadion_panorama_2016.jpg,Aston
307,Perak,"42,500",Southeast,Malaysia,Perak,https://upload.wikimedia.org/wikipedia/commons/thumb/d/dc/Perak_Stadium.JPG/150px-Perak_Stadium.JPG,Perak
308,Jeonju,"42,477",East,South,Jeonju,https://upload.wikimedia.org/wikipedia/commons/thumb/7/72/%EC%A0%84%EC%A3%BC%EC%9B%94%EB%93%9C%EC%BB%B5%EA%B2%BD%EA%B8%B0%EC%9E%A5.jpg/150px-%EC%A0%84%EC%A3%BC%EC%9B%94%EB%93%9C%EC%BB%B5%EA%B2%BD%EA%B8%B0%EC%9E%A5.jpg,Jeonbuk
309,Ligga,"42,372",South,Brazil,"Curitiba,",https://upload.wikimedia.org/wikipedia/commons/thumb/2/20/Arenadabaixada2.jpg/150px-Arenadabaixada2.jpg,Athletico
310,Weserstadion,"42,358",Europe,Germany,Bremen,https://upload.wikimedia.org/wikipedia/commons/thumb/a/a6/Weserstadion_panorama.JPG/150px-Weserstadion_panorama.JPG,SV
311,Denka,"42,300",East,Japan,"Niigata,",https://upload.wikimedia.org/wikipedia/commons/thumb/f/ff/Bigswan080628.JPG/150px-Bigswan080628.JPG,Albirex
312,Estadio,"42,200",South,Venezuela,Mérida,https://upload.wikimedia.org/wikipedia/commons/thumb/1/1f/Metropolitanodemeridacopamerica.jpg/150px-Metropolitanodemeridacopamerica.jpg,Estudiantes
313,Daejeon,"42,176",East,South,Daejeon,https://upload.wikimedia.org/wikipedia/commons/thumb/7/76/Daejeon_World_Cup_Stadium.JPG/150px-Daejeon_World_Cup_Stadium.JPG,Daejeon
314,Matmut,"42,115",Europe,France,Bordeaux,https://upload.wikimedia.org/wikipedia/commons/thumb/7/7f/500px_photo_%28165733217%29.jpeg/150px-500px_photo_%28165733217%29.jpeg,FC
315,Helsingin,"42,062",Europe,Finland,Helsinki,https://upload.wikimedia.org/wikipedia/commons/thumb/b/b3/Olympiastadion_2_2020-08-12.jpg/150px-Olympiastadion_2_2020-08-12.jpg,Finland
316,Estádio,"42,000",South,Brazil,"Goiânia,",https://upload.wikimedia.org/wikipedia/commons/thumb/5/5f/Serra_Dourada_Lotado.jpg/150px-Serra_Dourada_Lotado.jpg,Goiás
317,Estadio,"42,000",South,Colombia,Cali,https://upload.wikimedia.org/wikipedia/commons/thumb/9/9b/SportingCali12.png/150px-SportingCali12.png,Deportivo
318,Estadio,"42,000",South,Ecuador,Guayaquil,https://upload.wikimedia.org/wikipedia/commons/thumb/b/bf/Estadio_Modelo_Lleno_2007_-_panoramio.jpg/150px-Estadio_Modelo_Lleno_2007_-_panoramio.jpg,Club
319,Estádio,"42,000",Africa,Mozambique,Maputo,NO_IMAGE,Mozambique
320,Chengdu,"42,000",East,China,"Chengdu,",https://upload.wikimedia.org/wikipedia/commons/thumb/0/02/Chengdu_Sports_Center.JPG/150px-Chengdu_Sports_Center.JPG,Text esta vazio
321,Royal,"42,000",Africa,South,"Phokeng,",https://upload.wikimedia.org/wikipedia/commons/thumb/6/67/Royal_Bafokeng_Stadium%2C_Phokeng.jpg/150px-Royal_Bafokeng_Stadium%2C_Phokeng.jpg,Text esta vazio
322,Estadio,"42,000",North,Mexico,San,https://upload.wikimedia.org/wikipedia/commons/thumb/0/07/Estadio_Universitario_Concachampions.jpg/150px-Estadio_Universitario_Concachampions.jpg,Tigres
323,Estadio,"42,000",South,Argentina,Santa,https://upload.wikimedia.org/wikipedia/commons/thumb/5/59/Estadio_Brigadier_General_Estanislao_L%C3%B3pez_-_Col%C3%B3n_de_Santa_Fe.jpg/150px-Estadio_Brigadier_General_Estanislao_L%C3%B3pez_-_Col%C3%B3n_de_Santa_Fe.jpg,Club
324,Estadio,"42,000",South,Argentina,Rosario,https://upload.wikimedia.org/wikipedia/commons/thumb/2/23/Estadio_Marcelo_Bielsa.jpg/150px-Estadio_Marcelo_Bielsa.jpg,Newell's
325,Stade,"41,965",Europe,France,Saint-Étienne,https://upload.wikimedia.org/wikipedia/commons/thumb/9/99/St_Etienne_Stade_Geoffroy_Guichard.jpg/150px-St_Etienne_Stade_Geoffroy_Guichard.jpg,AS
326,Vodafone,"41,903",Europe,Turkey,Istanbul,https://upload.wikimedia.org/wikipedia/commons/thumb/9/94/Vodafone_Park_Panorama.jpg/150px-Vodafone_Park_Panorama.jpg,Beşiktaş
327,Peter,"41,733",Africa,South,Polokwane,https://upload.wikimedia.org/wikipedia/commons/thumb/c/cd/Teams_are_warming_up_%284738980575%29.jpg/150px-Teams_are_warming_up_%284738980575%29.jpg,Polokwane
328,Estadio,"41,654",South,Argentina,Rosario,https://upload.wikimedia.org/wikipedia/commons/thumb/6/66/Estadio_Gigante_de_Arroyito.jpg/150px-Estadio_Gigante_de_Arroyito.jpg,Rosario
329,Estadio,"41,600",South,Venezuela,Ciudad,https://upload.wikimedia.org/wikipedia/en/thumb/a/a0/CTE_Chamay_Aereo_Cut.jpg/150px-CTE_Chamay_Aereo_Cut.jpg,Atlético
330,Estadio,"41,596",South,Ecuador,Quito,https://upload.wikimedia.org/wikipedia/commons/thumb/f/f6/Cl%C3%A1sico_Liga_de_Quito-Barcelona_de_Guayaquil.JPG/150px-Cl%C3%A1sico_Liga_de_Quito-Barcelona_de_Guayaquil.JPG,LDU
331,Allianz,"41,507",Europe,Italy,"Turin,",https://upload.wikimedia.org/wikipedia/commons/thumb/0/0e/Juventus_Stadium_in_Turin_-_Champions_League_2013-14_-_Juventus_v_Real_Madrid.jpg/150px-Juventus_Stadium_in_Turin_-_Champions_League_2013-14_-_Juventus_v_Real_Madrid.jpg,Juventus
332,Sapporo,"41,484",East,Japan,"Sapporo,",https://upload.wikimedia.org/wikipedia/commons/thumb/f/f1/Sapporo_Dome_001.jpeg/150px-Sapporo_Dome_001.jpeg,Hokkaido
333,Stamford,"41,663",Europe,England,London,https://upload.wikimedia.org/wikipedia/commons/thumb/b/b1/Stamford_Bridge%2C_Chelsea_vs_Nottingham_Forest%2C_5_January_2020.jpg/150px-Stamford_Bridge%2C_Chelsea_vs_Nottingham_Forest%2C_5_January_2020.jpg,Chelsea
334,Goyang,"41,311",East,South,Goyang,https://upload.wikimedia.org/wikipedia/commons/thumb/e/e1/Goyang_sta_1.JPG/150px-Goyang_sta_1.JPG,Text esta vazio
335,Estadio,"41,143",South,Bolivia,La,https://upload.wikimedia.org/wikipedia/commons/thumb/9/9d/Hernando_Siles_Stadium_-_La_Paz.jpg/150px-Hernando_Siles_Stadium_-_La_Paz.jpg,La
336,Bingu,"41,100",Africa,Malawi,Lilongwe,https://upload.wikimedia.org/wikipedia/commons/thumb/e/ea/BINGU_NATIONAL_STADIUM.jpg/150px-BINGU_NATIONAL_STADIUM.jpg,"Flames,"
337,Mbombela,"40,929",Africa,South,"Nelspruit,",https://upload.wikimedia.org/wikipedia/commons/thumb/2/26/Mbombela_Stadium_arena.jpg/150px-Mbombela_Stadium_arena.jpg,Text esta vazio
338,Estadio,"40,800",South,Venezuela,Maracaibo,https://upload.wikimedia.org/wikipedia/commons/thumb/3/38/JPPachenchoRomero-16.jpg/150px-JPPachenchoRomero-16.jpg,Deportivo
339,Stade,"40,784",Africa,Algeria,Algiers,https://upload.wikimedia.org/wikipedia/commons/thumb/1/12/Nelson_Mandela_Stadium.jpg/150px-Nelson_Mandela_Stadium.jpg,Algeria
340,Kashima,"40,728",East,Japan,"Kashima,",https://upload.wikimedia.org/wikipedia/commons/thumb/b/bc/Kashima_Soccer_Stadium_5.jpg/150px-Kashima_Soccer_Stadium_5.jpg,Kashima
341,Baba,"40,528",Africa,Ghana,Kumasi,https://upload.wikimedia.org/wikipedia/commons/thumb/a/a3/Kumasi924.JPG/150px-Kumasi924.JPG,Asante
342,Estádio,"40,502",South,Brazil,"Curitiba,",https://upload.wikimedia.org/wikipedia/commons/thumb/7/72/Est%C3%A1dio_Couto_Pereira.jpg/150px-Est%C3%A1dio_Couto_Pereira.jpg,Coritiba
343,Stage,"40,500",Europe,Spain,Barcelona,https://upload.wikimedia.org/wikipedia/commons/thumb/b/b6/Estadicornellaelprat_1.jpg/150px-Estadicornellaelprat_1.jpg,RCD
344,Estadio,"40,312",South,Venezuela,Barquisimeto,https://upload.wikimedia.org/wikipedia/commons/thumb/1/15/Estadio_Metropolitano_de_Lara.jpg/150px-Estadio_Metropolitano_de_Lara.jpg,Unión
345,Estadio,"40,268",South,Argentina,Mendoza,https://upload.wikimedia.org/wikipedia/commons/thumb/7/7b/Estadio_Malvinas_Argentinas_2012.jpg/150px-Estadio_Malvinas_Argentinas_2012.jpg,Godoy
346,Stadion,"40,263",Southeast,Indonesia,Nolokla,https://upload.wikimedia.org/wikipedia/commons/thumb/8/87/Lukas_Enembe_Stadium.jpg/150px-Lukas_Enembe_Stadium.jpg,Persipura
347,Gwangju,"40,245",East,South,Gwangju,https://upload.wikimedia.org/wikipedia/commons/thumb/7/73/Gwangju_World_Cup_Stadium.jpg/150px-Gwangju_World_Cup_Stadium.jpg,Gwangju
348,Sân,"40,192",Southeast,Vietnam,Hanoi,https://upload.wikimedia.org/wikipedia/commons/thumb/3/39/Kh%C3%A1n_%C4%91%C3%A0i_B_-_S%C3%A2n_v%E1%BA%ADn_%C4%91%E1%BB%99ng_Qu%E1%BB%91c_gia_M%E1%BB%B9_%C4%90%C3%ACnh.jpg/150px-Kh%C3%A1n_%C4%91%C3%A0i_B_-_S%C3%A2n_v%E1%BA%ADn_%C4%91%E1%BB%99ng_Qu%E1%BB%91c_gia_M%E1%BB%B9_%C4%90%C3%ACnh.jpg,Vietnam
349,Goodison,"40,157",Europe,England,"Liverpool,",https://upload.wikimedia.org/wikipedia/commons/thumb/b/b9/Goodison_Park_August_2022.jpg/150px-Goodison_Park_August_2022.jpg,Everton
350,Estádio,"40,149",South,Brazil,São,https://upload.wikimedia.org/wikipedia/commons/thumb/d/d0/Est%C3%A1dio_Castel%C3%A3o_em_S%C3%A3o_Lu%C3%ADs%2C_Maranh%C3%A3o%2C_Brasil.jpg/150px-Est%C3%A1dio_Castel%C3%A3o_em_S%C3%A3o_Lu%C3%ADs%2C_Maranh%C3%A3o%2C_Brasil.jpg,Sampaio
351,Stade,"40,143",Africa,Algeria,Oran,https://upload.wikimedia.org/wikipedia/commons/thumb/e/e5/Stade_de_Oran.jpg/150px-Stade_de_Oran.jpg,Algeria
352,Estadio,"40,005",South,Uruguay,Montevideo,https://upload.wikimedia.org/wikipedia/commons/thumb/8/87/Estadio_Campe%C3%B3n_del_Siglo_setiembre_2021.jpg/150px-Estadio_Campe%C3%B3n_del_Siglo_setiembre_2021.jpg,Club
353,Metalist,"40,003",Europe,Ukraine,Kharkiv,https://upload.wikimedia.org/wikipedia/commons/thumb/8/84/Metalist_Stadium_Kharkiv.jpg/150px-Metalist_Stadium_Kharkiv.jpg,FC
354,Al-Janoub,"40,000",West,Qatar,Al-Wakrah,https://upload.wikimedia.org/wikipedia/commons/thumb/5/57/Visita_ao_est%C3%A1dio_de_futebol_Al_Janoub_1.jpg/150px-Visita_ao_est%C3%A1dio_de_futebol_Al_Janoub_1.jpg,Text esta vazio
355,Al-Thumama,"40,000",West,Qatar,Al-Thumama,https://upload.wikimedia.org/wikipedia/en/thumb/d/d6/Al_Thumama_Stadium_%282%29.jpg/150px-Al_Thumama_Stadium_%282%29.jpg,Text esta vazio
356,Stade,"40,000",Africa,Algeria,Oran,https://upload.wikimedia.org/wikipedia/commons/thumb/6/6a/Stade_Ahmed_Zabana_2.jpg/150px-Stade_Ahmed_Zabana_2.jpg,MC
357,Stadion,"40,000",Southeast,Indonesia,"Balikpapan,",https://upload.wikimedia.org/wikipedia/commons/thumb/d/d8/2017-11-14_Batakan.jpg/150px-2017-11-14_Batakan.jpg,Persiba
358,Stadion,"40,000",Southeast,Indonesia,"Gresik,",https://upload.wikimedia.org/wikipedia/commons/thumb/4/48/Gelora_Joko_Samudro_Stadium_%282016%29.jpg/150px-Gelora_Joko_Samudro_Stadium_%282016%29.jpg,Gresik
359,Fisht,"40,000",Europe,Russia,Sochi,https://upload.wikimedia.org/wikipedia/commons/thumb/e/e4/2017_Confederation_Cup_-_MEXNZL_-_Fisht.jpg/150px-2017_Confederation_Cup_-_MEXNZL_-_Fisht.jpg,Text esta vazio
360,Rentschler,"40,000",North,United,East,https://upload.wikimedia.org/wikipedia/commons/thumb/c/cc/Rentschler_Field_2017.jpg/150px-Rentschler_Field_2017.jpg,Text esta vazio
361,Jawaharlal,"40,000",South,India,Kochi,https://upload.wikimedia.org/wikipedia/commons/thumb/8/83/Jawaharlal_Nehru_Stadium_%28Kochi%29_in_2022.jpg/150px-Jawaharlal_Nehru_Stadium_%28Kochi%29_in_2022.jpg,Kerala
362,Hang,"40,000",Southeast,Malaysia,Malacca,https://upload.wikimedia.org/wikipedia/commons/thumb/2/20/Stadium_Hang_Jebat_015342.jpg/150px-Stadium_Hang_Jebat_015342.jpg,Melaka
363,Hong,"40,000",East,Hong,So,https://upload.wikimedia.org/wikipedia/commons/thumb/d/db/Hong_Kong_Stadium-1.jpg/150px-Hong_Kong_Stadium-1.jpg,South
364,Stadium,"40,000",Southeast,Malaysia,Batu,https://upload.wikimedia.org/wikipedia/commons/thumb/9/94/Batu_Kawan_Stadium%2CPenang.jpg/150px-Batu_Kawan_Stadium%2CPenang.jpg,Penang
365,Accra,"40,000",Africa,Ghana,Accra,NO_IMAGE,Accra
366,Sarawak,"40,000",Southeast,Malaysia,Kuching,https://upload.wikimedia.org/wikipedia/commons/thumb/0/07/Stadium_Sarawak.JPG/150px-Stadium_Sarawak.JPG,Sarawak
367,Bogyoke,"40,000",Southeast,Myanmar,Yangon,https://upload.wikimedia.org/wikipedia/commons/thumb/1/17/Aungsan_Stadium.jpg/150px-Aungsan_Stadium.jpg,Yangon
368,Resonac,"40,000",East,Japan,Ōita,https://upload.wikimedia.org/wikipedia/commons/thumb/1/17/%C5%8Cita_Stadium_2023-03.jpg/150px-%C5%8Cita_Stadium_2023-03.jpg,Ōita
369,Stadium,"40,000",Southeast,Malaysia,Kuantan,https://upload.wikimedia.org/wikipedia/commons/thumb/d/d9/Stadium_Pahang.jpg/150px-Stadium_Pahang.jpg,Pahang
370,Khalifa,"40,000",West,Qatar,Doha,https://upload.wikimedia.org/wikipedia/en/thumb/1/16/Khalifa_International_Stadium.jpg/150px-Khalifa_International_Stadium.jpg,Qatar
371,Stade,"40,000",Africa,Gabon,Libreville,NO_IMAGE,Gabon
372,Peoples,"40,000",South,Pakistan,Karachi,NO_IMAGE,Pakistan
373,JRD,"40,000",South,India,Jamshedpur,https://upload.wikimedia.org/wikipedia/commons/thumb/4/4e/J.R.D._Tata_Stadium.jpg/150px-J.R.D._Tata_Stadium.jpg,Jamshedpur
374,Bao'an,"40,000",East,China,"Shenzhen,",https://upload.wikimedia.org/wikipedia/commons/thumb/9/91/Bao%27an_Stadium.jpg/150px-Bao%27an_Stadium.jpg,Text esta vazio
375,Kunming,"40,000",East,China,"Kunming,",https://upload.wikimedia.org/wikipedia/commons/thumb/7/79/Kunming_07.JPG/150px-Kunming_07.JPG,China
376,Taizhou,"40,000",East,China,"Taizhou,",NO_IMAGE,Text esta vazio
377,Wuhu,"40,000",East,China,"Wuhu,",NO_IMAGE,Text esta vazio
378,Huizhou,"40,000",East,China,"Huizhou,",NO_IMAGE,Text esta vazio
