rank,stadium,capacity,region,country,city,images,home_team,location
1,Rungrado,114000,East,North,Pyongyang,https://upload.wikimedia.org/wikipedia/commons/thumb/8/81/Arirang_Mass_Games_12.JPG/150px-Arirang_Mass_Games_12.JPG,Korea,"[None, None]"
2,Michigan,107601,North,United,Ann,https://upload.wikimedia.org/wikipedia/commons/thumb/e/ed/Real_Madrid_vs._Machester_United_August_2nd%2C_2014.jpg/150px-Real_Madrid_vs._Machester_United_August_2nd%2C_2014.jpg,Michigan,"[None, None]"
3,Ohio,102780,North,United,"Columbus,",https://upload.wikimedia.org/wikipedia/commons/thumb/f/fc/Panoramic_view_of_Ohio_Stadium.jpg/150px-Panoramic_view_of_Ohio_Stadium.jpg,Ohio,"[41.641746, -83.6270601]"
4,Melbourne,100024,Oceania,Australia,"Melbourne,",https://upload.wikimedia.org/wikipedia/commons/thumb/b/b4/MCG_Panorama_24_July_2015.jpg/150px-MCG_Panorama_24_July_2015.jpg,Australia,"[-37.8142454, 144.9631732]"
5,Camp,99354,Europe,Spain,"Barcelona,",https://upload.wikimedia.org/wikipedia/commons/thumb/0/0e/Camp_Nou_Experience_%28_Ank_Kumar%2C_INFOSYS_Limited_%29_07.jpg/150px-Camp_Nou_Experience_%28_Ank_Kumar%2C_INFOSYS_Limited_%29_07.jpg,FC,"[41.1763244, 0.1703142]"
6,Estadio,95500,North,Mexico,Mexico,https://upload.wikimedia.org/wikipedia/commons/thumb/c/ca/Panor%C3%A1mica_esquina_noreste.jpg/150px-Panor%C3%A1mica_esquina_noreste.jpg,Club,"[23.2370816, -106.4321392]"
7,FNB,94736,Africa,South,"Johannesburg,",https://upload.wikimedia.org/wikipedia/commons/thumb/c/c0/First_game_of_the_2010_FIFA_World_Cup%2C_South_Africa_vs_Mexico.jpg/150px-First_game_of_the_2010_FIFA_World_Cup%2C_South_Africa_vs_Mexico.jpg,South,"[-29.8583657, 31.0385196]"
8,New,93940,Africa,Egypt,New,https://upload.wikimedia.org/wikipedia/commons/thumb/e/e0/The_New_administrative_stadium_of_Egypt.jpg/150px-The_New_administrative_stadium_of_Egypt.jpg,Egypt,"[29.31604865, 30.5670783679]"
9,Rose,92800,North,United,"Pasadena,",https://upload.wikimedia.org/wikipedia/commons/thumb/d/d2/Rose_Bowl%2C_panorama.jpg/150px-Rose_Bowl%2C_panorama.jpg,UCLA,"[13.4801613, -88.1753400217]"
10,Cotton,92100,North,United,"Dallas,",https://upload.wikimedia.org/wikipedia/commons/thumb/5/52/2019_State_Fair_Classic_01_%28Cotton_Bowl%29.jpg/150px-2019_State_Fair_Classic_01_%28Cotton_Bowl%29.jpg,Text esta vazio,"[17.7577327, -64.57887]"
11,Wembley,90000,Europe,England,"London,",https://upload.wikimedia.org/wikipedia/commons/thumb/b/bb/Post_L2_Play-Off_Final.jpg/150px-Post_L2_Play-Off_Final.jpg,England,"[51.55606945, -0.2796033938]"
12,Lusail,88966,West,Qatar,Lusail,https://upload.wikimedia.org/wikipedia/en/thumb/a/a3/Lusail_Stadium.jpg/150px-Lusail_Stadium.jpg,Qatar,"[25.4228888, 51.5197163]"
13,Bukit,87411,Southeast,Malaysia,Kuala,https://upload.wikimedia.org/wikipedia/commons/thumb/a/a1/National_Stadium_Bukit_Jalil_2018_AFF_Suzuki_Cup_final.png/150px-National_Stadium_Bukit_Jalil_2018_AFF_Suzuki_Cup_final.png,Malaysia,"[5.35743225, 100.3035504121]"
14,Borg,86000,Africa,Egypt,Alexandria,https://upload.wikimedia.org/wikipedia/commons/thumb/1/1a/Borg_el_arab_stadium.jpg/150px-Borg_el_arab_stadium.jpg,Egypt,"[30.9157515, 29.6961977386]"
15,Estadio,85000,Europe,Spain,Madrid,https://upload.wikimedia.org/wikipedia/commons/thumb/0/0e/Estadio_Santiago_Bernab%C3%A9u_Madrid.jpg/150px-Estadio_Santiago_Bernab%C3%A9u_Madrid.jpg,Real,"[36.5029227, -6.2720481]"
16,Estadio,84567,South,Argentina,Buenos,https://upload.wikimedia.org/wikipedia/commons/thumb/c/c8/Estadio_Monumental.jpg/150px-Estadio_Monumental.jpg,Argentina,"[-26.86135175, -65.2109265965]"
17,Stadium,83500,Oceania,Australia,"Sydney,",https://upload.wikimedia.org/wikipedia/commons/thumb/f/f7/State_of_Origin_Game_II_2018.jpg/150px-State_of_Origin_Game_II_2018.jpg,South,"[-37.763071, 145.3018055917]"
18,MetLife,82500,North,United,East,https://upload.wikimedia.org/wikipedia/commons/thumb/5/54/Copa_America_game_between_Columbia_vs_Peru_at_the_MetLife_Stadium.jpg/150px-Copa_America_game_between_Columbia_vs_Peru_at_the_MetLife_Stadium.jpg,New,"[-37.7055532, 148.464601982]"
19,Croke,82300,Europe,Ireland,Dublin,https://upload.wikimedia.org/wikipedia/commons/thumb/9/91/Croke_park_all_ireland.jpg/150px-Croke_park_all_ireland.jpg,Gaelic,"[53.36035755, -6.2509811826]"
20,Jakarta,82000,Southeast,Indonesia,Jakarta,https://upload.wikimedia.org/wikipedia/commons/thumb/b/b2/Jakarta_International_Stadium_interior.jpg/150px-Jakarta_International_Stadium_interior.jpg,Persija,"[-6.175247, 106.8270488]"
21,Lambeau,81441,North,United,Green,https://upload.wikimedia.org/wikipedia/commons/thumb/2/27/Lambeau_Field_bowl.jpg/150px-Lambeau_Field_bowl.jpg,Green,"[44.9721031, -75.022273]"
22,SIGNAL,81365,Europe,Germany,Dortmund,https://upload.wikimedia.org/wikipedia/commons/thumb/3/38/Signal_iduna_park.jpg/150px-Signal_iduna_park.jpg,Borussia,"[49.6226201, 7.9313943]"
23,Stade,81338,Europe,France,Saint-Denis,https://upload.wikimedia.org/wikipedia/commons/thumb/5/53/StadeFranceNationsLeague2018.jpg/150px-StadeFranceNationsLeague2018.jpg,France,"[50.2923238, 2.9243462149]"
24,Grand,81000,Europe,Russia,Moscow,https://upload.wikimedia.org/wikipedia/commons/thumb/3/3c/Luzhniki_Stadium2.jpg/150px-Luzhniki_Stadium2.jpg,Text esta vazio,"[55.0579003, 82.9212729]"
25,Shah,80372,Southeast,Malaysia,Shah,https://upload.wikimedia.org/wikipedia/commons/thumb/9/99/Shah_Alam_Stadium_%28inside%29.jpg/150px-Shah_Alam_Stadium_%28inside%29.jpg,Selangor,"[3.0739429, 101.5185278]"
26,Estadio,80093,South,Peru,Lima,https://upload.wikimedia.org/wikipedia/commons/thumb/f/f1/EstadioUniversitario.jpg/150px-EstadioUniversitario.jpg,Club,"[-13.3107982, -72.1091361]"
27,Stadio,80018,Europe,Italy,"Milan,",https://upload.wikimedia.org/wikipedia/commons/thumb/a/a3/Stadio_Giuseppe_Meazza%2C_San_Siro%2C_Milan_%283326869632%29.jpg/150px-Stadio_Giuseppe_Meazza%2C_San_Siro%2C_Milan_%283326869632%29.jpg,AC,"[41.93394235, 12.4547704971]"
28,Guangdong,80012,East,China,"Guangzhou,",https://upload.wikimedia.org/wikipedia/commons/thumb/f/f7/Stade_Olympique_Guangdong.JPG/150px-Stade_Olympique_Guangdong.JPG,Text esta vazio,"[23.1357694, 113.1982688]"
29,Hangzhou,80000,East,China,"Hangzhou,",https://upload.wikimedia.org/wikipedia/commons/thumb/4/4c/Hangzhou_Olympic_Sports_Center_Stadium2021.jpg/150px-Hangzhou_Olympic_Sports_Center_Stadium2021.jpg,Text esta vazio,"[30.2489634, 120.2052342]"
30,AT&T,80000,North,United,"Arlington,",https://upload.wikimedia.org/wikipedia/commons/thumb/5/52/Cowboys_Stadium_full_view.jpg/150px-Cowboys_Stadium_full_view.jpg,Dallas,"[40.32058985, -79.69344175]"
31,Stade,80000,Africa,DR,Kinshasa,https://upload.wikimedia.org/wikipedia/commons/thumb/d/d3/Stade_des_martyrs_0332_Kinshasa_%288756673901%29.jpg/150px-Stade_des_martyrs_0332_Kinshasa_%288756673901%29.jpg,Congo,"[53.599794, 9.475438]"
32,Stade,80000,Africa,DR,Kinshasa,https://upload.wikimedia.org/wikipedia/commons/thumb/0/0a/No-image-available.png/480px-No-image-available.png,AS,"[-4.3217055, 15.3125974]"
33,National,80000,Africa,Zimbabwe,Harare,https://upload.wikimedia.org/wikipedia/commons/thumb/0/0a/No-image-available.png/480px-No-image-available.png,Zimbabwe,"[28.5610411, 77.1666523]"
34,Moi,80000,Africa,Kenya,Nairobi,https://upload.wikimedia.org/wikipedia/commons/thumb/9/9c/Inside_the_Kasarani_Stadium.jpg/150px-Inside_the_Kasarani_Stadium.jpg,Kenya,"[-3.1552066, 40.1217522]"
35,Beijing,80000,East,China,Beijing,https://upload.wikimedia.org/wikipedia/commons/thumb/5/51/Beijing_National_Stadium_2014_2.jpg/150px-Beijing_National_Stadium_2014_2.jpg,Text esta vazio,"[40.190632, 116.412144]"
36,Stade,80000,Africa,Senegal,Dakar,https://upload.wikimedia.org/wikipedia/commons/thumb/8/8f/Senegal_1_-_Cameroon_0_-_Stade_L%C3%A9opold_S%C3%A9dar_Senghor.jpg/150px-Senegal_1_-_Cameroon_0_-_Stade_L%C3%A9opold_S%C3%A9dar_Senghor.jpg,Senegal,"[14.6784889, -17.4471505]"
37,Maracanã,78838,South,Brazil,Rio,https://upload.wikimedia.org/wikipedia/commons/thumb/f/fe/Bosnia_players_at_Maracan%C3%A3_15_June_2014.jpg/150px-Bosnia_players_at_Maracan%C3%A3_15_June_2014.jpg,CR,"[-22.91216195, -43.23118606]"
38,Los,78467,North,United,Los,https://upload.wikimedia.org/wikipedia/commons/thumb/2/25/USC_vs_University_of_Oregon_November_2019.png/150px-USC_vs_University_of_Oregon_November_2019.png,USC,"[34.2015171, -118.448374]"
39,Azadi,78116,West,Iran,Tehran,https://upload.wikimedia.org/wikipedia/commons/thumb/7/78/Azadi_Stadium_%287%29.jpg/150px-Azadi_Stadium_%287%29.jpg,Iran,"[29.1054703, 58.3358467]"
40,Stadion,77193,Southeast,Indonesia,Jakarta,https://upload.wikimedia.org/wikipedia/commons/thumb/2/29/Gbk_persija_arema_20190803.jpg/150px-Gbk_persija_arema_20190803.jpg,Indonesia,"[0.792086, 127.3761736]"
41,Caesar's,76468,North,United,New,https://upload.wikimedia.org/wikipedia/commons/thumb/a/a1/The_Dome_New_Orleans_Man_Trip.jpg/150px-The_Dome_New_Orleans_Man_Trip.jpg,New,"[-33.810064, 151.032435]"
42,Arrowhead,76412,North,United,Kansas,https://upload.wikimedia.org/wikipedia/commons/thumb/1/10/25_July_2010_Kansas_City_Wizards_vs_Manchester_United_friendly.jpg/150px-25_July_2010_Kansas_City_Wizards_vs_Manchester_United_friendly.jpg,Kansas,"[39.54841465, -105.2643867246]"
43,Empower,76125,North,United,Denver,https://upload.wikimedia.org/wikipedia/commons/thumb/4/49/SAF_at_Mile_High_AFC_Championship_game_pom-poms.jpg/150px-SAF_at_Mile_High_AFC_Championship_game_pom-poms.jpg,Denver,"[37.4697529, -105.8620669828]"
44,Atatürk,76092,Europe,Turkey,Istanbul,https://upload.wikimedia.org/wikipedia/commons/thumb/6/68/Istanbul_Atat%C3%BCrk_Olympic_Stadium_2.jpg/150px-Istanbul_Atat%C3%BCrk_Olympic_Stadium_2.jpg,Text esta vazio,"[40.1874635, 31.3596153]"
45,Old,76000,Europe,England,"Manchester,",https://upload.wikimedia.org/wikipedia/commons/thumb/b/bd/Manchester_United_old_trafford_Ank_Kumar_01.jpg/150px-Manchester_United_old_trafford_Ank_Kumar_01.jpg,Manchester,"[52.35638515, -0.8394718009]"
46,Allianz,75024,Europe,Germany,Munich,https://upload.wikimedia.org/wikipedia/commons/thumb/4/48/Allainz_Arena_%28Bayern_Munich%29.jpg/150px-Allainz_Arena_%28Bayern_Munich%29.jpg,FC,"[51.3809608, 7.4782628]"
47,Naghsh-e-Jahan,75000,West,Iran,Isfahan,https://upload.wikimedia.org/wikipedia/commons/thumb/4/4f/Naghsh_Jahan_Stadium.jpg/150px-Naghsh_Jahan_Stadium.jpg,Sepahan,"[32.6580174, 51.6784519]"
48,Bank,74867,North,United,"Charlotte,",https://upload.wikimedia.org/wikipedia/commons/thumb/8/85/Bank_of_America_Stadium_soccer.jpg/150px-Bank_of_America_Stadium_soccer.jpg,Charlotte,"[18.3368505, -64.9622348984]"
49,Principality,74500,Europe,Wales,Cardiff,https://upload.wikimedia.org/wikipedia/commons/thumb/e/e6/Millennium_Stadium_-_Glanmor%E2%80%99s_Gap.jpg/150px-Millennium_Stadium_-_Glanmor%E2%80%99s_Gap.jpg,Wales,"[51.47824845, -3.1826255902]"
50,Olympiastadion,74475,Europe,Germany,Berlin,https://upload.wikimedia.org/wikipedia/commons/thumb/5/52/Berlin_Olympiastadion_nach_Umbau.jpg/150px-Berlin_Olympiastadion_nach_Umbau.jpg,Hertha,"[52.5145846, 13.2398144178]"
51,Cairo,74100,Africa,Egypt,Cairo,https://upload.wikimedia.org/wikipedia/commons/thumb/b/bc/Cairo_Stadium_Afcon_u23_2019.jpg/150px-Cairo_Stadium_Afcon_u23_2019.jpg,Egypt,"[30.0443879, 31.2357257]"
52,FirstEnergy,73200,North,United,Cleveland,https://upload.wikimedia.org/wikipedia/commons/thumb/f/f1/FirstEnergy_Stadium_panorama_2016.jpg/150px-FirstEnergy_Stadium_panorama_2016.jpg,Cleveland,"[None, None]"
53,Estádio,72788,South,Brazil,"Brasília,",https://upload.wikimedia.org/wikipedia/commons/thumb/d/da/Est%C3%A1dio_Nacional_Bras%C3%ADlia.jpg/150px-Est%C3%A1dio_Nacional_Bras%C3%ADlia.jpg,Brasília,"[-13.25188755, -43.412452127]"
54,Stadio,72698,Europe,Italy,"Rome,",https://upload.wikimedia.org/wikipedia/commons/thumb/6/64/The_Stadio_Olimpico_during_a_match_between_AS_Roma_and_Sampdoria.jpg/150px-The_Stadio_Olimpico_during_a_match_between_AS_Roma_and_Sampdoria.jpg,AS,"[41.8933203, 12.4829321]"
55,Nissan,72327,East,Japan,"Yokohama,",https://upload.wikimedia.org/wikipedia/commons/thumb/9/91/International_Stadium_Yokohama-1.jpg/150px-International_Stadium_Yokohama-1.jpg,Yokohama,"[35.7095263, 139.8284266]"
56,NRG,72220,North,United,"Houston,",https://upload.wikimedia.org/wikipedia/commons/thumb/d/dc/The_Texans_at_Reliant_Park_1_Jan_2012.jpg/150px-The_Texans_at_Reliant_Park_1_Jan_2012.jpg,Houston,"[None, None]"
57,Shanghai,72000,East,China,Shanghai,https://upload.wikimedia.org/wikipedia/commons/thumb/d/de/Shanghai_Stadium_2008.JPG/150px-Shanghai_Stadium_2008.JPG,Shanghai,"[31.2312707, 121.4700152]"
58,M&T,71008,North,United,Baltimore,https://upload.wikimedia.org/wikipedia/commons/thumb/9/92/M%26T_Bank_Stadium_USA_soccer.JPG/150px-M%26T_Bank_Stadium_USA_soccer.JPG,Baltimore,"[None, None]"
59,Mercedes-Benz,71000,North,United,"Atlanta,",https://upload.wikimedia.org/wikipedia/commons/thumb/f/f2/Mercedes_Benz_Stadium_interior_2017-08-25_1.jpg/150px-Mercedes_Benz_Stadium_interior_2017-08-25_1.jpg,Atlanta,"[None, None]"
60,Cívitas,70460,Europe,Spain,Madrid,https://upload.wikimedia.org/wikipedia/commons/thumb/0/05/Wanda-Metropolitano.jpg/150px-Wanda-Metropolitano.jpg,Atlético,"[40.43605295, -3.5997158097]"
61,Olympic,70000,Europe,Ukraine,Kyiv,https://upload.wikimedia.org/wikipedia/commons/thumb/0/0d/Kyiv_NSC_Olimpiyskyi_5.jpg/150px-Kyiv_NSC_Olimpiyskyi_5.jpg,Ukraine,"[50.43349695, 30.5213486106]"
62,SoFi,70000,North,United,"Inglewood,",https://upload.wikimedia.org/wikipedia/commons/thumb/b/b0/SoFi_Stadium_interior_2021.jpg/150px-SoFi_Stadium_interior_2021.jpg,Text esta vazio,"[44.99971615, -74.9904479543]"
63,Seoul,69950,East,South,Seoul,https://upload.wikimedia.org/wikipedia/commons/thumb/e/e5/%E8%9A%95%E5%AE%A4_03.jpg/150px-%E8%9A%95%E5%AE%A4_03.jpg,Text esta vazio,"[41.3076924, -72.9333905]"
64,Bakı,69870,West,Azerbaijan,Baku,https://upload.wikimedia.org/wikipedia/commons/thumb/b/b9/Chelsea_won_UEFA_Europa_League_final_at_Olympic_Stadium_and_President_Ilham_Aliyev_watched_the_final_match_16.jpg/150px-Chelsea_won_UEFA_Europa_League_final_at_Olympic_Stadium_and_President_Ilham_Aliyev_watched_the_final_match_16.jpg,Azerbaijan,"[40.3755885, 49.8328009]"
65,Olympic,69618,Europe,Greece,"Marousi,",https://upload.wikimedia.org/wikipedia/en/thumb/d/d6/Olympic_Stadium_at_Athens_before_a_home_game_of_Panathinaikos_on_February_2%2C_2013.jpg/150px-Olympic_Stadium_at_Athens_before_a_home_game_of_Panathinaikos_on_February_2%2C_2013.jpg,Greece,"[37.6978225, 24.0575095519]"
66,Olympiastadion,69250,Europe,Germany,Munich,https://upload.wikimedia.org/wikipedia/commons/thumb/3/35/M%C3%BCnchener_Olympiastadion.jpg/150px-M%C3%BCnchener_Olympiastadion.jpg,Text esta vazio,"[48.1371079, 11.5753822]"
67,Lumen,69000,North,United,"Seattle,",https://upload.wikimedia.org/wikipedia/commons/thumb/5/53/Qwest_Field_North.jpg/150px-Qwest_Field_North.jpg,Seattle,"[None, None]"
68,Estadio,68954,North,Mexico,Mexico,https://upload.wikimedia.org/wikipedia/commons/thumb/f/f2/Estadio_Pumas.jpg/150px-Estadio_Pumas.jpg,UNAM,"[19.4326296, -99.1331785]"
69,Gillette,68756,North,United,"Foxborough,",https://upload.wikimedia.org/wikipedia/commons/thumb/8/8c/Stadiumguillete_%28cropped%29.jpg/150px-Stadiumguillete_%28cropped%29.jpg,New,"[None, None]"
70,King,68560,West,Saudi,Jeddah,https://upload.wikimedia.org/wikipedia/commons/thumb/6/68/Jawhara_Stadium.jpg/150px-Jawhara_Stadium.jpg,Saudi,"[0.328798, 32.5931678]"
71,Lincoln,68532,North,United,Philadelphia,https://upload.wikimedia.org/wikipedia/commons/thumb/3/36/USA-Turkey-Linc.jpg/150px-USA-Turkey-Linc.jpg,Philadelphia,"[None, None]"
72,Levi's,68500,North,United,Santa,https://upload.wikimedia.org/wikipedia/commons/thumb/0/00/Entering_Levi%27s_Stadium.JPG/150px-Entering_Levi%27s_Stadium.JPG,San,"[13.4801613, -88.1753400217]"
73,Acrisure,68400,North,United,Pittsburgh,https://upload.wikimedia.org/wikipedia/commons/thumb/2/23/Heinz_Field_NHL_Winter_Classic.jpg/150px-Heinz_Field_NHL_Winter_Classic.jpg,Pittsburgh,"[40.384715, -79.8207337]"
74,Gazprom,68134,Europe,Russia,Saint,https://upload.wikimedia.org/wikipedia/commons/thumb/1/1c/Fina-l2017.jpg/150px-Fina-l2017.jpg,FC,"[59.9723766, 30.2210607516]"
75,Salt,68000,South,India,Kolkata,https://upload.wikimedia.org/wikipedia/commons/thumb/5/5f/Salt_Lake_Stadium_during_FIFA_U17_World_Cup_2017_....jpg/150px-Salt_Lake_Stadium_during_FIFA_U17_World_Cup_2017_....jpg,India,"[15.5713881, 73.7651018]"
76,National,68000,East,Japan,Tokyo,https://upload.wikimedia.org/wikipedia/commons/thumb/7/7c/Drones_durante_a_abertura_das_Olimp%C3%ADadas_de_T%C3%B3quio.jpg/150px-Drones_durante_a_abertura_das_Olimp%C3%ADadas_de_T%C3%B3quio.jpg,Text esta vazio,"[34.5277716, 135.4871626]"
77,TIAA,67814,North,United,"Jacksonville,",https://upload.wikimedia.org/wikipedia/commons/thumb/3/36/2009_Gator_Bowl.jpg/150px-2009_Gator_Bowl.jpg,Jacksonville,"[None, None]"
78,Orange,67394,Europe,France,Marseille,https://upload.wikimedia.org/wikipedia/commons/thumb/8/85/Stade_V%C3%A9lodrome_1.jpg/150px-Stade_V%C3%A9lodrome_1.jpg,Olympique,"[44.1371311, 4.8078783]"
79,Puskás,67215,Europe,Hungary,Budapest,https://upload.wikimedia.org/wikipedia/commons/thumb/3/3a/Pusk%C3%A1s_Ar%C3%A9na_01.jpg/150px-Pusk%C3%A1s_Ar%C3%A9na_01.jpg,Hungary,"[47.6826547, 16.5914581]"
80,Scottish,67144,Europe,Scotland,Edinburgh,https://upload.wikimedia.org/wikipedia/commons/thumb/a/a1/Murrayfield_Stadium_-_geograph.org.uk_-_1246737.jpg/150px-Murrayfield_Stadium_-_geograph.org.uk_-_1246737.jpg,Scotland,"[56.8, -5.0]"
81,Lucas,67000,North,United,"Indianapolis,",https://upload.wikimedia.org/wikipedia/commons/thumb/8/89/LucasOilStadiumTheLuke.jpg/150px-LucasOilStadiumTheLuke.jpg,Indianapolis,"[None, None]"
82,MorumBIS,66975,South,Brazil,São,https://upload.wikimedia.org/wikipedia/commons/thumb/1/13/Estadio_Morumbi_2014.jpg/150px-Estadio_Morumbi_2014.jpg,São,"[-23.59999095, -46.7201017473]"
83,The,66965,North,United,St.,https://upload.wikimedia.org/wikipedia/commons/thumb/b/bd/2005_NCAA_North_Carolina_v_Michigan_State.JPG/150px-2005_NCAA_North_Carolina_v_Michigan_State.JPG,St.,"[29.77993, -91.746228]"
84,Yadegar-e-Emam,66833,West,Iran,Tabriz,https://upload.wikimedia.org/wikipedia/commons/thumb/1/12/Yadegar_Emam_stadium_at_night_-_panoramio.jpg/150px-Yadegar_Emam_stadium_at_night_-_panoramio.jpg,Tractor,"[32.8988193, 51.5268809]"
85,Seoul,66704,East,South,Seoul,https://upload.wikimedia.org/wikipedia/commons/thumb/b/b8/AFC_Champions_League_Final_1st_leg.jpg/150px-AFC_Champions_League_Final_1st_leg.jpg,FC,"[41.3076924, -72.9333905]"
86,US,66655,North,United,Minneapolis,https://upload.wikimedia.org/wikipedia/commons/thumb/6/6a/Looking_South-US_Bank_Stadium.jpg/150px-Looking_South-US_Bank_Stadium.jpg,Minnesota,"[37.9906638, -81.4264987]"
87,Daegu,66422,East,South,Daegu,https://upload.wikimedia.org/wikipedia/commons/thumb/d/da/Daegu.Stadium.original.2167.jpg/150px-Daegu.Stadium.original.2167.jpg,Daegu,"[34.5083234, 126.8056542]"
88,Workers',66161,East,China,Beijing,https://upload.wikimedia.org/wikipedia/commons/thumb/5/58/New_Workers%27_Stadium_under_construction_%2820221025141129%29.jpg/150px-New_Workers%27_Stadium_under_construction_%2820221025141129%29.jpg,Beijing,"[39.92951015, 116.4409951805]"
89,London,66000,Europe,England,London,https://upload.wikimedia.org/wikipedia/commons/thumb/b/b1/London_Stadium_panorama_picture.jpg/150px-London_Stadium_panorama_picture.jpg,West,"[51.4893335, -0.1440550845]"
90,Raymond,65847,North,United,"Tampa,",https://upload.wikimedia.org/wikipedia/commons/thumb/9/9d/RaymondJamesStadium2022.jpg/150px-RaymondJamesStadium2022.jpg,Tampa,"[None, None]"
91,Hard,65326,North,United,Miami,https://upload.wikimedia.org/wikipedia/commons/thumb/9/99/Interior_of_updated_Hard_Rock_Stadium.jpg/150px-Interior_of_updated_Hard_Rock_Stadium.jpg,Miami,"[44.6544146, -75.9544176]"
92,Olympic,65255,North,Canada,"Montreal,",https://upload.wikimedia.org/wikipedia/commons/thumb/f/fc/Montreal_Impact_CONCACAF_FINAL.jpg/150px-Montreal_Impact_CONCACAF_FINAL.jpg,CF,"[51.0925634, -115.3902393]"
93,Basra,65227,West,Iraq,Basra,https://upload.wikimedia.org/wikipedia/commons/thumb/6/62/Basra_International_Stadium_Opening_2.JPG/150px-Basra_International_Stadium_Opening_2.JPG,Iraq,"[30.4952371, 47.8090981]"
94,Camping,65000,North,United,"Orlando,",https://upload.wikimedia.org/wikipedia/commons/thumb/4/4c/Citrus_Bowl%2C_Construction_progress.jpg/150px-Citrus_Bowl%2C_Construction_progress.jpg,Text esta vazio,"[28.44857105, -81.3997067708]"
95,Alamodome,65000,North,United,San,https://upload.wikimedia.org/wikipedia/commons/thumb/0/0d/Alamodome_Conference_USA_Championship.jpg/150px-Alamodome_Conference_USA_Championship.jpg,UTSA,"[37.4720977, -122.2047769]"
96,Ford,65000,North,United,Detroit,https://upload.wikimedia.org/wikipedia/commons/thumb/b/b3/FordField-2008NCAAtournament-MidwestRegional.jpg/150px-FordField-2008NCAAtournament-MidwestRegional.jpg,Detroit,"[-37.6649154, 144.9540009]"
97,Stade,65000,Africa,Morocco,Tangier,https://upload.wikimedia.org/wikipedia/commons/thumb/9/93/Stade_Ibn_Batuta%2C_Tanger.jpg/150px-Stade_Ibn_Batuta%2C_Tanger.jpg,IR,"[35.7696302, -5.8033522]"
98,Estádio,64642,Europe,Portugal,Lisbon,https://upload.wikimedia.org/wikipedia/commons/thumb/1/1b/LuzLissabon.jpg/150px-LuzLissabon.jpg,Benfica,"[41.4455418, -8.3024835]"
99,Stade,64000,Africa,Algeria,Algiers,https://upload.wikimedia.org/wikipedia/commons/thumb/a/a0/Stade_5_Juillet_1962.jpg/150px-Stade_5_Juillet_1962.jpg,Algeria,"[36.6745366, 4.4839213]"
100,Castelão,63903,South,Brazil,"Fortaleza,",https://upload.wikimedia.org/wikipedia/commons/thumb/e/ec/Castel%C3%A3o_Arena_%285%29.jpg/150px-Castel%C3%A3o_Arena_%285%29.jpg,Ceará,"[-3.80674195, -38.5216794073]"
101,Saitama,63700,East,Japan,Saitama,https://upload.wikimedia.org/wikipedia/commons/thumb/6/60/Saitama_Stadium_Panorama.jpg/150px-Saitama_Stadium_Panorama.jpg,Urawa,"[35.9754168, 139.4160114]"
102,Ellis,62567,Africa,South,"Johannesburg,",https://upload.wikimedia.org/wikipedia/commons/thumb/b/bc/Warm-ups_at_Brazil_%26_North_Korea_match_at_FIFA_World_Cup_2010-06-15_1.jpg/150px-Warm-ups_at_Brazil_%26_North_Korea_match_at_FIFA_World_Cup_2010-06-15_1.jpg,Orlando,"[43.5624759, -96.830608]"
103,Tottenham,62303,Europe,England,London,https://upload.wikimedia.org/wikipedia/commons/thumb/8/8c/Spurs_stadium_January_2020.jpg/150px-Spurs_stadium_January_2020.jpg,Tottenham,"[51.5976955, -0.0672892]"
104,VELTINS-Arena,62271,Europe,Germany,Gelsenkirchen,https://upload.wikimedia.org/wikipedia/commons/thumb/d/d2/080110_schalke_arena_germany.JPG/150px-080110_schalke_arena_germany.JPG,FC,"[51.55459375, 7.067600069]"
105,Yizhong,62000,East,China,"Qingdao,",https://upload.wikimedia.org/wikipedia/commons/thumb/7/77/Qingdao_Guoxin_Stadium.jpg/150px-Qingdao_Guoxin_Stadium.jpg,Qingdao,"[43.8231185, 125.2420066]"
106,Estádio,61846,South,Brazil,Belo,https://upload.wikimedia.org/wikipedia/commons/thumb/6/69/Stadion_Belo_Horizonte_Halbfinale_WM_2014_%2822117986076%29.jpg/150px-Stadion_Belo_Horizonte_Halbfinale_WM_2014_%2822117986076%29.jpg,Atlético,"[-1.077095, -45.977833]"
107,King,61781,West,Saudi,Riyadh,https://upload.wikimedia.org/wikipedia/commons/thumb/2/2b/%E3%82%AD%E3%83%B3%E3%82%B0%E3%83%95%E3%82%A1%E3%83%8F%E3%83%89%E5%9B%BD%E9%9A%9B%E3%82%B9%E3%82%BF%E3%82%B8%E3%82%A2%E3%83%A0.jpg/150px-%E3%82%AD%E3%83%B3%E3%82%B0%E3%83%95%E3%82%A1%E3%83%8F%E3%83%89%E5%9B%BD%E9%9A%9B%E3%82%B9%E3%82%BF%E3%82%B8%E3%82%A2%E3%83%A0.jpg,Saudi,"[24.638916, 46.7160104]"
108,Soldier,61500,North,United,Chicago,https://upload.wikimedia.org/wikipedia/commons/thumb/8/8b/The_Refurbished_Soldier_Field.jpg/150px-The_Refurbished_Soldier_Field.jpg,Chicago,"[None, None]"
109,Nanjing,61443,East,China,"Nanjing,",https://upload.wikimedia.org/wikipedia/commons/thumb/b/b5/Nanjing_Olympic_Sports_Center_inner_view_%282016%29.jpg/150px-Nanjing_Olympic_Sports_Center_inner_view_%282016%29.jpg,Text esta vazio,"[32.0438284, 118.7788631]"
110,Anfield,61276,Europe,England,"Liverpool,",https://upload.wikimedia.org/wikipedia/commons/thumb/0/02/Panorama_of_Anfield_with_new_main_stand_%2829676137824%29.jpg/150px-Panorama_of_Anfield_with_new_main_stand_%2829676137824%29.jpg,Liverpool,"[53.43091645, -2.9609313526]"
111,Estadio,60720,Europe,Spain,Seville,https://upload.wikimedia.org/wikipedia/commons/thumb/6/6d/Estadio_Benito_Villamar%C3%ADn_2018001.jpg/150px-Estadio_Benito_Villamar%C3%ADn_2018001.jpg,Real,"[37.3886303, -5.9953403]"
112,Abuja,60491,Africa,Nigeria,Abuja,https://upload.wikimedia.org/wikipedia/commons/thumb/d/d2/Football_heaven.jpg/150px-Football_heaven.jpg,Nigeria,"[9.0643305, 7.4892974]"
113,MHPArena,60469,Europe,Germany,Stuttgart,https://upload.wikimedia.org/wikipedia/commons/thumb/5/53/Neckarstadion_2011.jpg/150px-Neckarstadion_2011.jpg,VfB,"[48.8911701, 9.1824201572]"
114,Celtic,60411,Europe,Scotland,Glasgow,https://upload.wikimedia.org/wikipedia/commons/thumb/c/ce/Celtic_park_2.jpg/150px-Celtic_park_2.jpg,Celtic,"[55.8496807, -4.20552705]"
115,Estadio,60370,South,Peru,Arequipa,https://upload.wikimedia.org/wikipedia/commons/thumb/e/ef/OutsideUNSA.jpg/150px-OutsideUNSA.jpg,FBC,"[-16.3988667, -71.5369607]"
116,Emirates,60338,Europe,England,London,https://upload.wikimedia.org/wikipedia/commons/thumb/d/d1/Emirates_Stadium_-_East_stand_Club_Level.jpg/150px-Emirates_Stadium_-_East_stand_Club_Level.jpg,Arsenal,"[51.55504035, -0.1083996709]"
117,Shenzhen,60334,East,China,"Shenzhen,",https://upload.wikimedia.org/wikipedia/commons/thumb/1/11/%E6%B7%B1%E5%9C%B3%E9%BE%99%E5%B2%97%E5%A4%A7%E8%BF%90%E4%B8%AD%E5%BF%83%E4%BD%93%E8%82%B2%E9%A6%86%E5%86%85%E9%83%A8.jpg/150px-%E6%B7%B1%E5%9C%B3%E9%BE%99%E5%B2%97%E5%A4%A7%E8%BF%90%E4%B8%AD%E5%BF%83%E4%BD%93%E8%82%B2%E9%A6%86%E5%86%85%E9%83%A8.jpg,Text esta vazio,"[22.5445741, 114.0545429]"
118,Estadio,60235,South,Uruguay,Montevideo,https://upload.wikimedia.org/wikipedia/commons/thumb/9/98/Estadio_Centenario_2021.jpg/150px-Estadio_Centenario_2021.jpg,Uruguay,"[-32.5992074, -53.3797096]"
119,Estádio,60044,South,Brazil,"Recife,",https://upload.wikimedia.org/wikipedia/commons/thumb/1/1b/Arruda_em_novembro_de_2013.JPG/150px-Arruda_em_novembro_de_2013.JPG,Santa,"[-8.0584933, -34.8848193]"
120,Al-Bayt,60000,West,Qatar,Al-Khor,https://upload.wikimedia.org/wikipedia/en/thumb/7/71/Al_Bayt_Stadium_architecture.jpg/150px-Al_Bayt_Stadium_architecture.jpg,Text esta vazio,"[25.6521339, 51.4878054731]"
121,Benjamin,60000,Africa,Tanzania,Dar,https://upload.wikimedia.org/wikipedia/commons/thumb/e/ef/Tanzania_National_Main_Stadium_Aerial.jpg/150px-Tanzania_National_Main_Stadium_Aerial.jpg,Tanzania,"[-6.8741937, 39.2075239616]"
122,Hefei,60000,East,China,"Hefei,",https://upload.wikimedia.org/wikipedia/commons/thumb/8/8e/Hefei_Olympic_Sports_Center_Stadium.jpg/150px-Hefei_Olympic_Sports_Center_Stadium.jpg,Anhui,"[31.8665676, 117.281428]"
123,Jaber,60000,West,Kuwait,Kuwait,https://upload.wikimedia.org/wikipedia/en/thumb/1/18/Jaber_Al-Ahmad_International_Stadium_2019_local.png/150px-Jaber_Al-Ahmad_International_Stadium_2019_local.png,Kuwait,"[28.93254365, 47.7826653455]"
124,Hammadi,60000,Africa,Tunisia,Tunis,https://upload.wikimedia.org/wikipedia/commons/thumb/0/02/Mozambique-Tunisia_match_2009.jpg/150px-Mozambique-Tunisia_match_2009.jpg,Tunisia,"[36.74777165, 10.2731399862]"
125,Jawaharlal,60000,South,India,New,https://upload.wikimedia.org/wikipedia/commons/thumb/a/a0/Jawaharlal_Nehru_Stadium%2C_New_Delhi.png/150px-Jawaharlal_Nehru_Stadium%2C_New_Delhi.png,Text esta vazio,"[28.54016675, 77.1645600539]"
126,Mogadishu,60000,Africa,Somalia,Mogadishu,https://upload.wikimedia.org/wikipedia/commons/thumb/e/e0/Mogadishustadium.jpg/150px-Mogadishustadium.jpg,Somalia,"[2.0349312, 45.3419183]"
127,National,60000,Africa,Zambia,Lusaka,https://upload.wikimedia.org/wikipedia/commons/thumb/f/fe/Inauguration_of_Edgar_Lungu.jpg/150px-Inauguration_of_Edgar_Lungu.jpg,Zambian,"[14.4842157, 121.0177249]"
128,Autzen,60000,North,United,"Eugene,",https://upload.wikimedia.org/wikipedia/commons/thumb/3/34/Autzen_Stadium_at_night.jpg/150px-Autzen_Stadium_at_night.jpg,Text esta vazio,"[45.3498871, -74.9039405468]"
129,Odi,60000,Africa,South,"Mabopane,",https://upload.wikimedia.org/wikipedia/commons/thumb/0/0a/No-image-available.png/480px-No-image-available.png,Text esta vazio,"[-30.0403717, -51.1749796638]"
130,Morodok,60000,Southeast,Cambodia,Phnom,https://upload.wikimedia.org/wikipedia/commons/thumb/6/6d/Morodok_Techo_National_Stadium.jpg/150px-Morodok_Techo_National_Stadium.jpg,Cambodia,"[11.5283941, 104.9279323]"
131,Shenyang,60000,East,China,"Shenyang,",https://upload.wikimedia.org/wikipedia/commons/thumb/5/52/Shenyang_Olympic_Sports_Center_Stadium_drone_view_1.jpg/150px-Shenyang_Olympic_Sports_Center_Stadium_drone_view_1.jpg,Text esta vazio,"[41.8026095, 123.4279105]"
132,Optus,60000,Oceania,Australia,"Perth,",https://upload.wikimedia.org/wikipedia/commons/thumb/c/cb/Perth_Stadium_opening_210118_gnangarra-10.jpg/150px-Perth_Stadium_opening_210118_gnangarra-10.jpg,Perth,"[-27.5023845, 153.1013667]"
133,Estadio,59283,South,Ecuador,Guayaquil,https://upload.wikimedia.org/wikipedia/commons/thumb/3/30/Estadio_Monumental_de_Barcelona.jpg/150px-Estadio_Monumental_de_Barcelona.jpg,Barcelona,"[-1.8017865, -79.5248717]"
134,Groupama,59186,Europe,France,Décines-Charpieu,https://upload.wikimedia.org/wikipedia/commons/thumb/c/c4/Stade_Lumi%C3%A8re.jpg/150px-Stade_Lumi%C3%A8re.jpg,Olympique,"[43.9538809, 4.8330111785]"
135,Chongqing,58680,East,China,Chongqing,https://upload.wikimedia.org/wikipedia/commons/thumb/e/e1/Chongqing_Olympic_Stadium.jpg/150px-Chongqing_Olympic_Stadium.jpg,Text esta vazio,"[30.05518, 107.8748712]"
136,Kazimierz,58580,Europe,Poland,Warsaw,https://upload.wikimedia.org/wikipedia/commons/thumb/7/76/National_Stadium_panorama.jpg/150px-National_Stadium_panorama.jpg,Poland,"[50.051855, 19.9449466]"
137,Stadio,58270,Europe,Italy,"Bari,",https://upload.wikimedia.org/wikipedia/commons/thumb/7/7f/Nuoviseggiolinisannicola.jpg/150px-Nuoviseggiolinisannicola.jpg,SSC,"[41.1257843, 16.8620293]"
138,Commanders,58000,North,United,"Landover,",https://upload.wikimedia.org/wikipedia/commons/thumb/7/78/FedexField2014.jpg/150px-FedexField2014.jpg,Washington,"[None, None]"
139,Deutsche,58000,Europe,Germany,Frankfurt,https://upload.wikimedia.org/wikipedia/commons/thumb/f/f4/Commerzbank-Arena_%28Haupttrib%C3%BCne%29.JPG/150px-Commerzbank-Arena_%28Haupttrib%C3%BCne%29.JPG,Eintracht,"[48.2679635, 7.7232372]"
140,Estadio,57619,Europe,Spain,Seville,https://upload.wikimedia.org/wikipedia/commons/thumb/7/7b/Panoramio_-_V%26A_Dudush_-_Estadio_Ol%C3%ADmpico_57_619.jpg/150px-Panoramio_-_V%26A_Dudush_-_Estadio_Ol%C3%ADmpico_57_619.jpg,Text esta vazio,"[37.3886303, -5.9953403]"
141,Carter–Finley,57583,North,United,"Raleigh,",https://upload.wikimedia.org/wikipedia/commons/thumb/2/2e/Carter_Finley_Stadium_at_Sunset.jpg/150px-Carter_Finley_Stadium_at_Sunset.jpg,NC,"[-37.7698676, 144.8976007439]"
142,Estadio,57200,South,Argentina,Buenos,https://upload.wikimedia.org/wikipedia/commons/thumb/9/99/La_Bombonera.jpg/150px-La_Bombonera.jpg,CA,"[-34.61612315, -58.4356234052]"
143,Volksparkstadion,57030,Europe,Germany,Hamburg,https://upload.wikimedia.org/wikipedia/commons/thumb/7/79/Volksparkstadion_Panorama.jpg/150px-Volksparkstadion_Panorama.jpg,Hamburger,"[53.5871535, 9.8987055537]"
144,Estadio,57000,South,Argentina,Córdoba,https://upload.wikimedia.org/wikipedia/commons/thumb/d/d9/Estadio_Kempes_luego_de_finalizar_un_partido.jpg/150px-Estadio_Kempes_luego_de_finalizar_un_partido.jpg,Talleres,"[-31.4166867, -64.1834193]"
145,Jinan,56808,East,China,"Jinan,",https://upload.wikimedia.org/wikipedia/commons/thumb/1/1f/JinanOlympic.JPG/150px-JinanOlympic.JPG,Shandong,"[31.7517806, 116.534208]"
146,Estadio,56713,North,Mexico,"Guadalajara,",https://upload.wikimedia.org/wikipedia/commons/thumb/8/82/Estadio_Jalisco_06022022.jpg/150px-Estadio_Jalisco_06022022.jpg,Atlas,"[20.6720375, -103.338396]"
147,Commonwealth,56302,North,Canada,"Edmonton,",https://upload.wikimedia.org/wikipedia/commons/thumb/f/f3/Commonwealth_Stadium.jpg/150px-Commonwealth_Stadium.jpg,Edmonton,"[53.55970035, -113.4776475019]"
148,Dodger,56000,North,United,Los,https://upload.wikimedia.org/wikipedia/commons/thumb/d/d2/Dodger_Stadium_field_from_upper_deck_2015-10-04.jpg/150px-Dodger_Stadium_field_from_upper_deck_2015-10-04.jpg,Los,"[34.2015171, -118.448374]"
149,Stade,56000,Africa,Algeria,Annaba,https://upload.wikimedia.org/wikipedia/commons/thumb/8/88/Annaba_Stadium.jpg/150px-Annaba_Stadium.jpg,USM,"[36.8982165, 7.7549272]"
150,Estadi,55926,Europe,Spain,"Barcelona,",https://upload.wikimedia.org/wikipedia/commons/thumb/f/ff/Estadi_Ol%C3%ADmpic_Llu%C3%ADs_Companys_-_Barcelona%2C_Spain_-_Jan_2007.jpg/150px-Estadi_Ol%C3%ADmpic_Llu%C3%ADs_Companys_-_Barcelona%2C_Spain_-_Jan_2007.jpg,Text esta vazio,"[41.36472, 2.155645097]"
151,Arena,55662,South,Brazil,Porto,https://upload.wikimedia.org/wikipedia/commons/thumb/a/a2/Arena_do_Gr%C3%AAmio.jpg/150px-Arena_do_Gr%C3%AAmio.jpg,Grêmio,"[-15.7831419, -47.903177564]"
152,Arena,55634,Europe,Romania,Bucharest,https://upload.wikimedia.org/wikipedia/commons/thumb/1/1a/Stadionul_National_-_National_Arena_3.jpg/150px-Stadionul_National_-_National_Arena_3.jpg,Romania,"[45.7312676, 21.2481641]"
153,Stadion,55538,Europe,Serbia,Belgrade,https://upload.wikimedia.org/wikipedia/commons/thumb/7/70/Zvezda_stadion.jpg/150px-Zvezda_stadion.jpg,Red,"[44.3832695, 20.2693931]"
154,Stadion,55211,Europe,Poland,Chorzów,https://upload.wikimedia.org/wikipedia/commons/thumb/c/c4/Widok_bramka.jpg/150px-Widok_bramka.jpg,Poland,"[50.8464271, 20.6086222]"
155,Etihad,55097,Europe,England,"Manchester,",https://upload.wikimedia.org/wikipedia/commons/thumb/b/b8/Etihad_Stadium.jpg/150px-Etihad_Stadium.jpg,Manchester,"[53.48309105, -2.2002520023]"
156,Mestalla,55000,Europe,Spain,Valencia,https://upload.wikimedia.org/wikipedia/commons/thumb/a/af/CAMP_DE_MESTALLA_GRADA_DE_LA_MAR_2014_%282%29.JPG/150px-CAMP_DE_MESTALLA_GRADA_DE_LA_MAR_2014_%282%29.JPG,Valencia,"[39.4745279, -0.3581566362]"
157,National,55000,Southeast,Singapore,Singapore,https://upload.wikimedia.org/wikipedia/commons/thumb/f/f5/SingaporeNationalStadiumJapanBrazilFootball.jpg/150px-SingaporeNationalStadiumJapanBrazilFootball.jpg,Singapore,"[14.5463416, 121.0466495149]"
158,National,55000,East,Taiwan,Kaohsiung,https://upload.wikimedia.org/wikipedia/commons/thumb/5/5f/The_Main_Stadium_for_2009_World_Games_panorama.jpg/150px-The_Main_Stadium_for_2009_World_Games_panorama.jpg,Chinese,"[14.4873061, 121.0244187]"
159,He,55000,East,China,"Changsha,",https://upload.wikimedia.org/wikipedia/commons/thumb/7/75/Helong_Stadium.jpg/150px-Helong_Stadium.jpg,Text esta vazio,"[31.7442532, 118.3481305]"
160,Cape,55000,Africa,South,Cape,https://upload.wikimedia.org/wikipedia/commons/thumb/0/06/Cape_Town_Stadium_Inside.jpg/150px-Cape_Town_Stadium_Inside.jpg,Cape,"[39.1066288, -74.879361]"
161,Plovdiv,55000,Europe,Bulgaria,Plovdiv,https://upload.wikimedia.org/wikipedia/commons/thumb/0/0c/Plovdiv_Stadium.JPG/150px-Plovdiv_Stadium.JPG,Text esta vazio,"[42.1418541, 24.7499297]"
162,Bobby,55000,North,United,Atlanta,https://upload.wikimedia.org/wikipedia/commons/thumb/a/a4/BDS2013.jpg/150px-BDS2013.jpg,Georgia,"[45.2778671, -74.6170255]"
163,Johan,54990,Europe,Netherlands,Amsterdam,https://upload.wikimedia.org/wikipedia/commons/thumb/7/73/Ajax_0_Chelsea_1_%2823Oct19%29.jpg/150px-Ajax_0_Chelsea_1_%2823Oct19%29.jpg,AFC,"[52.636437, 5.1118795]"
164,Tianhe,54856,East,China,"Guangzhou,",https://upload.wikimedia.org/wikipedia/commons/thumb/1/1f/Tianhe_Stadium.jpg/150px-Tianhe_Stadium.jpg,Text esta vazio,"[23.12712, 113.356424]"
165,Stadio,54726,Europe,Italy,Naples,https://upload.wikimedia.org/wikipedia/commons/thumb/f/f0/Braciere_olimpico_XXX_Universiade_Napoli_2019.jpg/150px-Braciere_olimpico_XXX_Universiade_Napoli_2019.jpg,SSC,"[40.8358846, 14.2487679]"
166,Tianjin,54696,East,China,Tianjin,https://upload.wikimedia.org/wikipedia/commons/thumb/7/72/Tianjin_Olympic_Center_Stadium.jpg/150px-Tianjin_Olympic_Center_Stadium.jpg,Tianjin,"[39.1175488, 117.1913008]"
167,MERKUR,54600,Europe,Germany,Düsseldorf,https://upload.wikimedia.org/wikipedia/commons/thumb/a/a7/LTU_arena_panorama.jpg/150px-LTU_arena_panorama.jpg,Fortuna,"[51.6404541, 14.2402475]"
168,Boris,54549,West,Georgia,Tbilisi,https://upload.wikimedia.org/wikipedia/commons/thumb/3/38/Boris_Paichadze_Dinamo_Arena%2C_Samtredia_-_Qaraba%C4%9F.jpg/150px-Boris_Paichadze_Dinamo_Arena%2C_Samtredia_-_Qaraba%C4%9F.jpg,Georgia,"[41.72302845, 44.7897942672]"
169,Wuhan,54357,East,China,"Wuhan,",https://upload.wikimedia.org/wikipedia/commons/thumb/6/6d/Wuhan_Sport_Centre_01.jpg/150px-Wuhan_Sport_Centre_01.jpg,Text esta vazio,"[30.5951051, 114.2999353]"
170,BC,54320,North,Canada,"Vancouver,",https://upload.wikimedia.org/wikipedia/commons/thumb/f/ff/BC_Place_2015_Women%27s_FIFA_World_Cup.jpg/150px-BC_Place_2015_Women%27s_FIFA_World_Cup.jpg,Vancouver,"[55.001251, -125.002441]"
171,Yankee,54251,North,United,New,https://upload.wikimedia.org/wikipedia/commons/thumb/5/5f/YankeeStadium-9-21-22-1.jpg/150px-YankeeStadium-9-21-22-1.jpg,New,"[-33.810064, 151.032435]"
172,Hrazdan,54208,West,Armenia,Yerevan,https://upload.wikimedia.org/wikipedia/commons/thumb/7/71/HrazdanArmeniaTurkey.JPG/150px-HrazdanArmeniaTurkey.JPG,FC,"[40.3082852, 44.589165]"
173,BORUSSIA-PARK,54057,Europe,Germany,Mönchengladbach,https://upload.wikimedia.org/wikipedia/commons/thumb/5/5d/Borussia-Park_DEU-FRA_2011.jpg/150px-Borussia-Park_DEU-FRA_2011.jpg,Borussia,"[51.17462495, 6.3854093679]"
174,Moses,54000,Africa,South,"Durban,",https://upload.wikimedia.org/wikipedia/commons/thumb/9/9c/FIFA_World_Cup_2010_Netherlands_Japan.jpg/150px-FIFA_World_Cup_2010_Netherlands_Japan.jpg,AmaZulu,"[28.5388088, 33.9751845]"
175,Busan,53864,East,South,Busan,https://upload.wikimedia.org/wikipedia/commons/thumb/7/73/BusanAsiadStadium.jpg/150px-BusanAsiadStadium.jpg,Busan,"[34.5138842, 128.7792339]"
176,Estádio,53645,South,Brazil,"Belém,",https://upload.wikimedia.org/wikipedia/commons/thumb/6/6e/Mangueir%C3%A3o_em_2023.jpg/150px-Mangueir%C3%A3o_em_2023.jpg,Paysandu,"[-1.45056, -48.4682453]"
177,Estadio,53600,South,Argentina,La,https://upload.wikimedia.org/wikipedia/commons/thumb/8/88/EstadioUnicoLaPlata_Interior_June2014.jpg/150px-EstadioUnicoLaPlata_Interior_June2014.jpg,Text esta vazio,"[-27.4868943, -55.1182311]"
178,Adelaide,53500,Oceania,Australia,"Adelaide,",https://upload.wikimedia.org/wikipedia/commons/thumb/a/a3/After_Game_Kick_and_Catch_%2813750115664%29.jpg/150px-After_Game_Kick_and_Catch_%2813750115664%29.jpg,Adelaide,"[-34.9281805, 138.5999312]"
179,Docklands,53359,Oceania,Australia,"Melbourne,",https://upload.wikimedia.org/wikipedia/commons/thumb/7/71/Melbourne_Derby_December_2014.jpg/150px-Melbourne_Derby_December_2014.jpg,Western,"[-37.8175423, 144.9394923]"
180,Estádio,53350,South,Brazil,"Uberlândia,",https://upload.wikimedia.org/wikipedia/commons/thumb/2/2f/Est%C3%A1dio_Parque_do_Sabi%C3%A1.jpg/150px-Est%C3%A1dio_Parque_do_Sabi%C3%A1.jpg,Uberlânia,"[-18.9188041, -48.2767837]"
181,San,53332,Europe,Spain,Bilbao,https://upload.wikimedia.org/wikipedia/commons/thumb/f/f8/San_Mames%2C_Bilbao%2C_Euskal_Herria_-_Basque_Country.jpg/150px-San_Mames%2C_Bilbao%2C_Euskal_Herria_-_Basque_Country.jpg,Athletic,"[42.6457342, -8.8749239]"
182,Aleppo,53200,West,Syria,Aleppo,https://upload.wikimedia.org/wikipedia/commons/thumb/b/be/Aleppo_International_Stadium%2C_day_view%2C_2009_%281%29.jpg/150px-Aleppo_International_Stadium%2C_day_view%2C_2009_%281%29.jpg,Al-Ittihad,"[36.19924, 37.1637253]"
183,Estadio,53086,South,Peru,Lima,https://upload.wikimedia.org/wikipedia/commons/thumb/b/b8/Estadio_Nacional_nuevo_07_10_2011.jpg/150px-Estadio_Nacional_nuevo_07_10_2011.jpg,Peru,"[-12.0621065, -77.0365256]"
184,Huanglong,52672,East,China,"Hangzhou,",https://upload.wikimedia.org/wikipedia/commons/thumb/5/53/Hangzhou-yellow-dragon-stad.jpg/150px-Hangzhou-yellow-dragon-stad.jpg,Hangzhou,"[35.728611, 109.897222]"
185,RAMS,52652,Europe,Turkey,Istanbul,https://upload.wikimedia.org/wikipedia/commons/thumb/d/d7/Galatasaray_Arena_North-West_Corner.jpg/150px-Galatasaray_Arena_North-West_Corner.jpg,Galatasaray,"[41.10342555, 28.9910379503]"
186,Suncorp,52500,Oceania,Australia,"Brisbane,",https://upload.wikimedia.org/wikipedia/commons/thumb/4/46/Suncorpstadium071006a.JPG/150px-Suncorpstadium071006a.JPG,Brisbane,"[-37.9873914, 145.2147931]"
187,St.,52405,Europe,England,Newcastle,https://upload.wikimedia.org/wikipedia/commons/thumb/6/6e/StJamesParkPanorama.jpg/150px-StJamesParkPanorama.jpg,Newcastle,"[51.1267494, -2.7397217]"
188,Kings,52000,Africa,South,"Durban,",https://upload.wikimedia.org/wikipedia/commons/thumb/b/bc/Kings_Park_panorama.jpg/150px-Kings_Park_panorama.jpg,Lamontville,"[14.2834744, 121.0946636]"
189,Newlands,51900,Africa,South,Cape,https://upload.wikimedia.org/wikipedia/commons/thumb/4/48/Proudly_South_African.jpg/150px-Proudly_South_African.jpg,Text esta vazio,"[53.31332355, -6.3854246695]"
190,Hampden,51866,Europe,Scotland,Glasgow,https://upload.wikimedia.org/wikipedia/commons/thumb/d/dc/Hampden_Park%2C_January_2023.jpg/150px-Hampden_Park%2C_January_2023.jpg,Scotland,"[55.82601405, -4.2519270725]"
191,Estadio,51796,South,Venezuela,Maturín,https://upload.wikimedia.org/wikipedia/commons/thumb/8/8d/Monumental_de_maturin_3.jpg/150px-Monumental_de_maturin_3.jpg,Monagas,"[10.15695595, -67.4698873584]"
192,Loftus,51762,Africa,South,"Pretoria,",https://upload.wikimedia.org/wikipedia/commons/thumb/6/6c/Loftus_Versfeld_Game_Night.JPG/150px-Loftus_Versfeld_Game_Night.JPG,SuperSport,"[-34.0434357, 151.0504559]"
193,Aviva,51700,Europe,Ireland,Dublin,https://upload.wikimedia.org/wikipedia/commons/thumb/a/a1/Aviva_Stadium_Panoramic.jpg/150px-Aviva_Stadium_Panoramic.jpg,Leinster,"[53.3352254, -6.228185079]"
194,Guiyang,51638,East,China,"Guiyang,",https://upload.wikimedia.org/wikipedia/commons/thumb/c/c3/Guiyang_Olympic_Sports_Center.jpg/150px-Guiyang_Olympic_Sports_Center.jpg,Text esta vazio,"[25.7561647, 112.72964]"
195,Hohhot,51632,East,China,"Hohhot,",https://upload.wikimedia.org/wikipedia/commons/thumb/5/57/Hohhot_City_Stadium.jpg/150px-Hohhot_City_Stadium.jpg,Text esta vazio,"[40.8337963, 111.6730788]"
196,Rajamangala,51552,Southeast,Thailand,Bangkok,https://upload.wikimedia.org/wikipedia/commons/thumb/0/06/Rajamangala_Stadium_Panorama.jpg/150px-Rajamangala_Stadium_Panorama.jpg,Thailand,"[13.75542905, 100.6221559457]"
197,Donbass,51504,Europe,Ukraine,Donetsk,https://upload.wikimedia.org/wikipedia/en/thumb/8/8c/Donbass_Arena.jpg/150px-Donbass_Arena.jpg,Text esta vazio,"[48.0279261, 37.954765]"
198,Estadio,51389,South,Argentina,Avellaneda,https://upload.wikimedia.org/wikipedia/commons/thumb/7/77/Panoramica_Cilindro.jpg/150px-Panoramica_Cilindro.jpg,Racing,"[-34.6648394, -58.3628061]"
199,İzmir,51295,West,Turkey,İzmir,https://upload.wikimedia.org/wikipedia/commons/thumb/e/ec/%C4%B0zmir_Atat%C3%BCrk_Stadyumu.jpg/150px-%C4%B0zmir_Atat%C3%BCrk_Stadyumu.jpg,Altay,"[38.23166, 27.02997]"
200,Stadion,51117,Europe,Netherlands,Rotterdam,https://upload.wikimedia.org/wikipedia/commons/thumb/8/89/Rotterdam_De_Kuip_1.jpg/150px-Rotterdam_De_Kuip_1.jpg,Feyenoord,"[51.7814008, 5.5199069]"
201,Estadio,51000,North,Mexico,Monterrey,https://upload.wikimedia.org/wikipedia/commons/thumb/f/f9/Estadio_BBVA.jpg/150px-Estadio_BBVA.jpg,CF,"[25.6802019, -100.315258]"
202,Ghadir,51000,West,Iran,Ahvaz,https://upload.wikimedia.org/wikipedia/commons/thumb/5/5a/Al-Ghadeer_Stadium.jpg/150px-Al-Ghadeer_Stadium.jpg,Foolad,"[32.5840723, 51.6668597475]"
203,Estádio,50942,South,Brazil,Porto,https://upload.wikimedia.org/wikipedia/commons/thumb/3/31/Beira-Rio-Stadium-Porto-Alegre-Brazil.jpg/150px-Beira-Rio-Stadium-Porto-Alegre-Brazil.jpg,SC,"[-23.52477615, -47.7568800037]"
204,Ibrox,50817,Europe,Scotland,Glasgow,https://upload.wikimedia.org/wikipedia/commons/thumb/4/41/Rangers-SM_%281%29.jpg/150px-Rangers-SM_%281%29.jpg,Rangers,"[55.85313, -4.3092916]"
205,Shizuoka,50889,East,Japan,"Fukuroi,",https://upload.wikimedia.org/wikipedia/commons/thumb/d/d7/Ecopa030304.jpg/150px-Ecopa030304.jpg,Júbilo,"[34.9332488, 138.0955398]"
206,Ernst-Happel-Stadion,50865,Europe,Austria,Vienna,https://upload.wikimedia.org/wikipedia/commons/thumb/3/3c/EM_2008_Elfmeter_Kroatien_%C3%96sterreich.jpg/150px-EM_2008_Elfmeter_Kroatien_%C3%96sterreich.jpg,Austria,"[48.20718935, 16.4209170657]"
207,Huntington,50805,North,United,Minneapolis,https://upload.wikimedia.org/wikipedia/en/thumb/c/cf/MNUFCTCF.jpeg/150px-MNUFCTCF.jpeg,Minnesota,"[40.3842083, -79.822453]"
208,Estadio,50754,North,Mexico,Puebla,https://upload.wikimedia.org/wikipedia/commons/thumb/2/24/Rampa_norte.jpg/150px-Rampa_norte.jpg,Puebla,"[18.833333, -98.0]"
209,Strawberry,50653,Europe,Sweden,Solna,https://upload.wikimedia.org/wikipedia/commons/thumb/2/2b/FriendsArena_SwedenSpain.jpg/150px-FriendsArena_SwedenSpain.jpg,Sweden,"[59.37250385, 18.0016672389]"
210,Ülker,50509,West,Turkey,Istanbul,https://upload.wikimedia.org/wikipedia/commons/thumb/6/67/Sukrusaracoglu.jpg/150px-Sukrusaracoglu.jpg,Fenerbahçe,"[37.1099669, 40.417374]"
211,Stanford,50424,North,United,Palo,https://upload.wikimedia.org/wikipedia/commons/thumb/d/da/2008-1115-006-USC-Stanford-PAN.jpg/150px-2008-1115-006-USC-Stanford-PAN.jpg,Text esta vazio,"[None, None]"
212,Stade,50186,Europe,France,Villeneuve-d'Ascq,https://upload.wikimedia.org/wikipedia/commons/thumb/9/90/Mauroy_Stadium_Eurobasket_2015.JPG/150px-Mauroy_Stadium_Eurobasket_2015.JPG,Lille,"[50.6193174, 3.1314002]"
213,Stade,50122,Europe,Belgium,Brussels,https://upload.wikimedia.org/wikipedia/commons/thumb/a/a4/Stade_Roi_Baudouin.JPG/150px-Stade_Roi_Baudouin.JPG,Belgium,"[50.8939211, 4.3323896]"
214,Shaanxi,50100,East,China,"Xi'an,",https://upload.wikimedia.org/wikipedia/commons/thumb/0/0a/No-image-available.png/480px-No-image-available.png,Text esta vazio,"[35.5895959, 109.3013107]"
215,Ajinomoto,50100,East,Japan,"Chofu,",https://upload.wikimedia.org/wikipedia/commons/thumb/5/5c/Ajinomoto_Stadium_2018-13.jpg/150px-Ajinomoto_Stadium_2018-13.jpg,FC,"[33.2267992, 130.3632835334]"
216,Estádio,50095,Europe,Portugal,Lisbon,https://upload.wikimedia.org/wikipedia/commons/thumb/c/cc/Alvalade0023.jpg/150px-Alvalade0023.jpg,Sporting,"[38.7077507, -9.1365919]"
217,Estádio,50033,Europe,Portugal,Porto,https://upload.wikimedia.org/wikipedia/commons/thumb/b/b8/Porto_Est%C3%A1dio_do_Drag%C3%A3o_2.jpg/150px-Porto_Est%C3%A1dio_do_Drag%C3%A3o_2.jpg,FC,"[41.1494512, -8.6107884]"
218,Casa,50025,South,Brazil,"Salvador,",https://upload.wikimedia.org/wikipedia/commons/thumb/3/35/Arena_Fonte_Nova_External_View.jpg/150px-Arena_Fonte_Nova_External_View.jpg,EC,"[-18.79120755, -40.98939155]"
219,Stade,50000,Africa,Tunisia,Sousse,https://upload.wikimedia.org/wikipedia/commons/thumb/b/be/Stade_olympique_de_Sousse.jpg/150px-Stade_olympique_de_Sousse.jpg,Étoile,"[32.8733745, 10.3805841358]"
220,RheinEnergieSTADION,50000,Europe,Germany,Cologne,https://upload.wikimedia.org/wikipedia/commons/thumb/8/82/FIFA_WM06_Stadion_Koeln.jpg/150px-FIFA_WM06_Stadion_Koeln.jpg,1.,"[50.9335055, 6.8751167403]"
221,Harbin,50000,East,China,"Harbin,",https://upload.wikimedia.org/wikipedia/commons/thumb/0/0a/No-image-available.png/480px-No-image-available.png,Text esta vazio,"[45.7593633, 126.6276177]"
222,Greenfield,50000,South,India,Trivandrum,https://upload.wikimedia.org/wikipedia/commons/thumb/3/35/Greenfield_International_Stadium_Kerala.jpg/150px-Greenfield_International_Stadium_Kerala.jpg,Text esta vazio,"[25.6341317, 80.4784616854]"
223,EMS,50000,South,India,Kozhikode,https://upload.wikimedia.org/wikipedia/commons/thumb/1/1b/Kozhikode_EMS_Stadium.jpg/150px-Kozhikode_EMS_Stadium.jpg,India,"[13.007644, 77.565718]"
224,KD,50000,South,India,Lucknow,https://upload.wikimedia.org/wikipedia/commons/thumb/6/60/K_D_Singh_Babu_Stadium.jpg/150px-K_D_Singh_Babu_Stadium.jpg,Text esta vazio,"[28.680475, 78.788454]"
225,Eden,50000,Oceania,New,Auckland,https://upload.wikimedia.org/wikipedia/commons/thumb/e/e6/Auckland_EdenPark.jpg/150px-Auckland_EdenPark.jpg,Auckland,"[42.6523734, -78.8954064]"
226,Estádio,50000,Africa,Angola,Luanda,https://upload.wikimedia.org/wikipedia/commons/thumb/6/6b/Football_stadium_%286178263468%29.jpg/150px-Football_stadium_%286178263468%29.jpg,Angola,"[-14.938151, 13.543274]"
227,Henan,50000,East,China,"Zhengzhou,",https://upload.wikimedia.org/wikipedia/commons/thumb/0/0a/No-image-available.png/480px-No-image-available.png,Text esta vazio,"[34.0000001, 113.9999999]"
228,Jiangxi,50000,East,China,"Nanchang,",https://upload.wikimedia.org/wikipedia/commons/thumb/0/0a/No-image-available.png/480px-No-image-available.png,Text esta vazio,"[28.0, 116.0]"
229,Max-Morlock-Stadion,50000,Europe,Germany,Nuremberg,https://upload.wikimedia.org/wikipedia/commons/thumb/1/15/Frankenstadion_2.JPG/150px-Frankenstadion_2.JPG,1.,"[49.42625695, 11.1256705957]"
230,June,50000,Africa,Libya,Tripoli,https://upload.wikimedia.org/wikipedia/commons/thumb/7/77/11_June_Stadium_BenTaher.jpg/150px-11_June_Stadium_BenTaher.jpg,"Libya,","[32.85990575, 13.1359000473]"
231,Xinjiang,50000,East,China,"Urumqi,",https://upload.wikimedia.org/wikipedia/commons/thumb/0/0a/No-image-available.png/480px-No-image-available.png,Text esta vazio,"[42.4804953, 85.4633464]"
232,Kim,50000,East,North,Pyongyang,https://upload.wikimedia.org/wikipedia/commons/thumb/3/39/North_Korea_v_Philippines%2C_8_October_2015_F.png/150px-North_Korea_v_Philippines%2C_8_October_2015_F.png,Pyongyang,"[51.7810595, 6.1284824891]"
233,EDION,50000,East,Japan,Hiroshima,https://upload.wikimedia.org/wikipedia/commons/thumb/3/3e/Big_Arch_Stadium_Panorama.jpg/150px-Big_Arch_Stadium_Panorama.jpg,Sanfrecce,"[35.0189684, 135.7304830796]"
234,Pars,50000,West,Iran,Shiraz,https://upload.wikimedia.org/wikipedia/commons/thumb/b/be/Pars_Stadium_Photos_Image_6.jpg/150px-Pars_Stadium_Photos_Image_6.jpg,Fajr,"[32.6475314, 54.5643516]"
235,Stade,50000,Africa,Mali,Bamako,https://upload.wikimedia.org/wikipedia/commons/thumb/1/10/Stade_du_26-mars.png/150px-Stade_du_26-mars.png,Stade,"[36.8788833, 10.3199005]"
236,Stade,50000,Africa,Senegal,Dakar,https://upload.wikimedia.org/wikipedia/commons/thumb/0/0a/No-image-available.png/480px-No-image-available.png,Senegal,"[14.693425, -17.447938]"
237,Sultan,50000,Southeast,Malaysia,Kuala,https://upload.wikimedia.org/wikipedia/commons/thumb/0/00/Sultan_Mizan_Zainal_Abidin_Stadium_%28Night%29_2021.jpg/150px-Sultan_Mizan_Zainal_Abidin_Stadium_%28Night%29_2021.jpg,Terengganu,"[3.1689508, 101.6965712]"
238,Estadio,49850,North,Mexico,Guadalajara,https://upload.wikimedia.org/wikipedia/commons/thumb/f/f1/Omnilife_Stadium.png/150px-Omnilife_Stadium.png,C.D.,"[20.6720375, -103.338396]"
239,Levy,49800,Africa,Zambia,Lusaka,https://upload.wikimedia.org/wikipedia/commons/thumb/0/0a/No-image-available.png/480px-No-image-available.png,Zesco,"[-12.97553125, 28.611226774]"
240,Fritz-Walter-Stadion,49780,Europe,Germany,Kaiserslautern,https://upload.wikimedia.org/wikipedia/commons/thumb/1/18/Kaiserslautern_18.JPG/150px-Kaiserslautern_18.JPG,1.,"[49.4345765, 7.7766302916]"
241,Estadio,49540,South,Argentina,Buenos,https://upload.wikimedia.org/wikipedia/commons/thumb/3/33/Argentina_A_vs_Inglaterra_A_02.JPG/150px-Argentina_A_vs_Inglaterra_A_02.JPG,CA,"[-34.61612315, -58.4356234052]"
242,Camille,49500,West,Lebanon,Beirut,https://upload.wikimedia.org/wikipedia/commons/thumb/a/a8/Camille_Chamoun_Sports_City_Stadium_2018_-_Beirut_derby_%28Nejmeh_fans%29.png/150px-Camille_Chamoun_Sports_City_Stadium_2018_-_Beirut_derby_%28Nejmeh_fans%29.png,Lebanon,"[33.86707815, 35.4951176168]"
243,Miyagi,49133,East,Japan,"Rifu,",https://upload.wikimedia.org/wikipedia/commons/thumb/9/9b/MiyagiStadiumTrackField.jpg/150px-MiyagiStadiumTrackField.jpg,Vegalta,"[38.3880155, 140.9761025]"
244,Incheon,49084,East,South,Incheon,https://upload.wikimedia.org/wikipedia/commons/thumb/d/df/Munhak_Stadium_Corner.jpg/150px-Munhak_Stadium_Corner.jpg,Text esta vazio,"[36.1379861, 127.2415724]"
245,Heinz-von-Heiden-Arena,49000,Europe,Germany,Hanover,https://upload.wikimedia.org/wikipedia/commons/thumb/9/9e/HDI_Arena%2C_WM_Stadion_2006.jpg/150px-HDI_Arena%2C_WM_Stadion_2006.jpg,Hannover,"[52.36002595, 9.7310160501]"
246,Parc,48712,Europe,France,Paris,https://upload.wikimedia.org/wikipedia/commons/thumb/8/89/PSG-Nantes_Parc_des_Princes_05.jpg/150px-PSG-Nantes_Parc_des_Princes_05.jpg,Paris,"[44.1324003, 0.4176481]"
247,Stadium,48707,Europe,England,"Sunderland,",https://upload.wikimedia.org/wikipedia/commons/thumb/7/7d/Stadium_of_Light%2C_Sunderland_afc.jpg/150px-Stadium_of_Light%2C_Sunderland_afc.jpg,Sunderland,"[51.1002995, -0.1962378]"
248,Estadio,48665,South,Chile,Santiago,https://upload.wikimedia.org/wikipedia/commons/thumb/1/15/Adios_Matador.jpg/150px-Adios_Matador.jpg,Chile,"[-51.7261389, -72.4844421]"
249,Nelson,48459,Africa,South,Port,https://upload.wikimedia.org/wikipedia/commons/thumb/9/9b/Nelson_Mandela_Stadium_in_Port_Elizabeth_%28cropped%29.jpg/150px-Nelson_Mandela_Stadium_in_Port_Elizabeth_%28cropped%29.jpg,Chippa,"[-36.675211, 149.9711597]"
250,Estadio,48314,South,Argentina,Buenos,https://upload.wikimedia.org/wikipedia/commons/thumb/3/3c/Estadio_huracan_interior_tribuna_gcba.jpg/150px-Estadio_huracan_interior_tribuna_gcba.jpg,CA,"[-34.61612315, -58.4356234052]"
251,Jinnah,48200,South,Pakistan,Islamabad,https://upload.wikimedia.org/wikipedia/commons/thumb/1/12/Jinnah_Sports_Stadium_track_and_field.jpg/150px-Jinnah_Sports_Stadium_track_and_field.jpg,Pakistan,"[31.4853224, 74.2975517]"
252,Estadio,48069,South,Argentina,Avellaneda,https://upload.wikimedia.org/wikipedia/commons/thumb/b/b3/Estadio_Libertadores_de_America_2014.JPG/150px-Estadio_Libertadores_de_America_2014.JPG,Club,"[-34.6648394, -58.3628061]"
253,Free,48000,Africa,South,"Bloemfontein,",https://upload.wikimedia.org/wikipedia/commons/thumb/9/9e/Free_State_Stadium1.jpg/150px-Free_State_Stadium1.jpg,Bloemfontein,"[51.306997, 13.5564255]"
254,Nagai,47816,East,Japan,Osaka,https://upload.wikimedia.org/wikipedia/commons/thumb/3/3e/Nagai_stadium20040717.jpg/150px-Nagai_stadium20040717.jpg,Cerezo,"[38.1063564, 140.0338997]"
255,Neo,47605,South,Brazil,São,https://upload.wikimedia.org/wikipedia/commons/thumb/6/64/Corinthians_x_Gr%C3%AAmio_-_Brasileir%C3%A3o_2016.jpg/150px-Corinthians_x_Gr%C3%AAmio_-_Brasileir%C3%A3o_2016.jpg,Corinthians,"[-23.5452934, -46.4742864364]"
256,Rogers,47568,North,Canada,"Toronto,",https://upload.wikimedia.org/wikipedia/commons/thumb/7/79/Toronto_-_ON_-_Rogers_Centre2.jpg/150px-Toronto_-_ON_-_Rogers_Centre2.jpg,Toronto,"[46.0562807, -64.0211462]"
257,Estadio,47347,South,Chile,Santiago,https://upload.wikimedia.org/wikipedia/commons/thumb/0/0e/Estadio_Monumental_2009.jpg/150px-Estadio_Monumental_2009.jpg,Colo-Colo,"[-33.4377756, -70.6504502]"
258,Stadio,47282,Europe,Italy,Florence,https://upload.wikimedia.org/wikipedia/commons/thumb/a/aa/Soccer_in_Florence%2C_Italy%2C_2007.jpg/150px-Soccer_in_Florence%2C_Italy%2C_2007.jpg,ACF,"[43.7697955, 11.2556404]"
259,Estadio,47027,South,Argentina,Lanús,https://upload.wikimedia.org/wikipedia/commons/thumb/1/1e/Editat%C3%B3n_Club_Lan%C3%BAs_-_Instalaciones_%288%29.JPG/150px-Editat%C3%B3n_Club_Lan%C3%BAs_-_Instalaciones_%288%29.JPG,CA,"[-34.7033363, -58.3953235]"
260,Estadio,46788,South,Colombia,Barranquilla,https://upload.wikimedia.org/wikipedia/commons/thumb/b/b0/Estadio_Metropolitano_de_Baranquilla_2011.jpg/150px-Estadio_Metropolitano_de_Baranquilla_2011.jpg,Colombia,"[6.2608828, -75.5956563]"
261,Estádio,46831,South,Brazil,Rio,https://upload.wikimedia.org/wikipedia/commons/thumb/a/a8/Est%C3%A1dio_Municipal_Jo%C3%A3o_Havelange_14072007.jpg/150px-Est%C3%A1dio_Municipal_Jo%C3%A3o_Havelange_14072007.jpg,Botafogo,"[-22.9110137, -43.2093727]"
262,Itaipava,46154,South,Brazil,São,https://upload.wikimedia.org/wikipedia/commons/thumb/6/62/Panorama_of_Arena_Pernambuco.jpg/150px-Panorama_of_Arena_Pernambuco.jpg,Náutico,"[-22.3828575, -43.1067126896]"
263,Arena,46000,South,Brazil,Belo,https://upload.wikimedia.org/wikipedia/commons/thumb/5/54/Arena_MRV_em_obras_vista_da_Via_Expressa_%28dezembro_de_2022%29.jpg/150px-Arena_MRV_em_obras_vista_da_Via_Expressa_%28dezembro_de_2022%29.jpg,C,"[-1.077095, -45.977833]"
264,Estádio,45954,South,Brazil,Presidente,https://upload.wikimedia.org/wikipedia/commons/thumb/c/c0/Derby_Paulista_%28Corinthians-Palmeiras%29_Paulist%C3%A3o_2009.jpg/150px-Derby_Paulista_%28Corinthians-Palmeiras%29_Paulist%C3%A3o_2009.jpg,Grêmio,"[-23.3114837, -51.1804341]"
265,Estadio,45739,South,Colombia,Medellín,https://upload.wikimedia.org/wikipedia/commons/thumb/4/4a/Atanasio_Girardot_Stadium.jpg/150px-Atanasio_Girardot_Stadium.jpg,Atlético,"[6.2697018, -75.6025257448]"
266,Estadio,45500,Europe,Spain,Seville,https://upload.wikimedia.org/wikipedia/commons/thumb/1/17/Sevilla2-1Lega20182.jpg/150px-Sevilla2-1Lega20182.jpg,Sevilla,"[37.3886303, -5.9953403]"
267,Adrar,45480,Africa,Morocco,Agadir,https://upload.wikimedia.org/wikipedia/commons/thumb/5/51/Stade-Adrar2019.png/150px-Stade-Adrar2019.png,Hassania,"[31.1821777, -7.8621417]"
268,Lukoil,45360,Europe,Russia,Moscow,https://upload.wikimedia.org/wikipedia/commons/thumb/6/62/Match_veteranov_Spartaka_%2813%29.jpg/150px-Match_veteranov_Spartaka_%2813%29.jpg,Spartak,"[54.69342315, 20.1850146945]"
269,Grand,45240,Africa,Morocco,Marrakesh,https://upload.wikimedia.org/wikipedia/commons/thumb/0/0d/Stade_de_marrakech.jpg/150px-Stade_de_marrakech.jpg,Kawkab,"[5.6706165, -0.1282557]"
270,Mandela,45202,Africa,Uganda,Kampala,https://upload.wikimedia.org/wikipedia/commons/thumb/3/3c/Mandela_National_Stadium%2C_Uganda.JPG/150px-Mandela_National_Stadium%2C_Uganda.JPG,Uganda,"[2.6935086, 31.0614995]"
271,Tarczyński,45105,Europe,Poland,Wrocław,https://upload.wikimedia.org/wikipedia/commons/thumb/a/a3/Wroc%C5%82aw_Municipal_Stadium_-_Euro_2012_%28panorama%29.jpg/150px-Wroc%C5%82aw_Municipal_Stadium_-_Euro_2012_%28panorama%29.jpg,Śląsk,"[51.42700105, 17.1033315811]"
272,Kazan,45105,Europe,Russia,Kazan,https://upload.wikimedia.org/wikipedia/commons/thumb/5/56/Poland_v._Colombia_%2842095441565%29.jpg/150px-Poland_v._Colombia_%2842095441565%29.jpg,Rubin,"[55.7823547, 49.1242266]"
273,Estadio,45056,South,Peru,Cusco,https://upload.wikimedia.org/wikipedia/commons/thumb/1/10/Estadio_garcilaso_cienciano.jpg/150px-Estadio_garcilaso_cienciano.jpg,CS,"[-13.5170887, -71.9785356]"
274,Estádio,45000,Africa,Mozambique,Maputo,https://upload.wikimedia.org/wikipedia/commons/thumb/0/0a/No-image-available.png/480px-No-image-available.png,Mozambique,"[-25.9110678, 32.5281721]"
275,Stadion,45000,Southeast,Indonesia,"Surabaya,",https://upload.wikimedia.org/wikipedia/commons/thumb/0/0a/No-image-available.png/480px-No-image-available.png,Persebaya,"[-7.2459717, 112.7378266]"
276,Stadion,45000,Southeast,Indonesia,Banda,https://upload.wikimedia.org/wikipedia/commons/thumb/0/0a/No-image-available.png/480px-No-image-available.png,"Persiraja,","[-3.1045663, 140.9586378]"
277,Estadio,45000,South,Paraguay,Asunción,https://upload.wikimedia.org/wikipedia/commons/thumb/c/c4/Estadio_General_Pablo_Rojas.jpg/150px-Estadio_General_Pablo_Rojas.jpg,Club,"[-23.89941065, -55.4425898724]"
278,Stade,45000,Africa,Morocco,Casablanca,https://upload.wikimedia.org/wikipedia/commons/thumb/7/70/Stade_Mohamed_V%2C_Casablanca.jpg/150px-Stade_Mohamed_V%2C_Casablanca.jpg,"Wydad,","[33.5945144, -7.6200284]"
279,Latakia,45000,West,Syria,Latakia,https://upload.wikimedia.org/wikipedia/commons/thumb/0/0a/No-image-available.png/480px-No-image-available.png,Text esta vazio,"[35.5200185, 35.7781044]"
280,Zibo,45000,East,China,"Zibo,",https://upload.wikimedia.org/wikipedia/commons/thumb/0/0a/No-image-available.png/480px-No-image-available.png,Text esta vazio,"[36.819626, 117.980675]"
281,Weifang,45000,East,China,"Weifang,",https://upload.wikimedia.org/wikipedia/commons/thumb/0/0a/No-image-available.png/480px-No-image-available.png,Text esta vazio,"[36.6961413, 119.0915313]"
282,Yantai,45000,East,China,"Yantai,",https://upload.wikimedia.org/wikipedia/commons/thumb/0/0a/No-image-available.png/480px-No-image-available.png,Text esta vazio,"[37.461928, 121.4425255]"
283,Stadium,45000,Southeast,Malaysia,Seremban,https://upload.wikimedia.org/wikipedia/commons/thumb/f/f5/Stadium_Tuanku_Abdul_Rahman%2C_Paroi.jpg/150px-Stadium_Tuanku_Abdul_Rahman%2C_Paroi.jpg,ATM,"[5.40359375, 103.0808026496]"
284,Stade,45000,Africa,Morocco,Fes,https://upload.wikimedia.org/wikipedia/commons/thumb/1/1c/Complexe_sportif_de_F%C3%A8s.jpg/150px-Complexe_sportif_de_F%C3%A8s.jpg,Wydad,"[34.0346534, -5.0161926]"
285,Lagos,45000,Africa,Nigeria,Lagos,https://upload.wikimedia.org/wikipedia/commons/thumb/0/0a/No-image-available.png/480px-No-image-available.png,Nigeria,"[6.4550575, 3.3941795]"
286,Egyptian,45000,Africa,Egypt,Suez,https://upload.wikimedia.org/wikipedia/commons/thumb/0/0a/No-image-available.png/480px-No-image-available.png,Text esta vazio,"[30.04796335, 31.2336076945]"
287,Toyota,45000,East,Japan,Toyota,https://upload.wikimedia.org/wikipedia/commons/thumb/5/58/JPNxGEO20180623_%283%29.jpg/150px-JPNxGEO20180623_%283%29.jpg,Nagoya,"[35.15195, 137.301478]"
288,Zayed,45000,West,United,Abu,https://upload.wikimedia.org/wikipedia/commons/thumb/a/a7/Abu_Dhabi_Zayed_Sports_City_Stadium_2.jpg/150px-Abu_Dhabi_Zayed_Sports_City_Stadium_2.jpg,Text esta vazio,"[None, None]"
289,Red,44345,Europe,Germany,Leipzig,https://upload.wikimedia.org/wikipedia/commons/thumb/c/ca/Leipzig_stadium.jpg/150px-Leipzig_stadium.jpg,RB,"[50.882306, 8.0026491]"
290,Estádio,44200,South,Brazil,Teresina,https://upload.wikimedia.org/wikipedia/commons/thumb/0/0a/No-image-available.png/480px-No-image-available.png,River,"[-5.0874608, -42.8049571]"
291,Estádio,44200,South,Brazil,Campo,https://upload.wikimedia.org/wikipedia/commons/thumb/f/fa/0253l.jpg/150px-0253l.jpg,EC,"[-8.3596391, -35.7677071]"
292,Ulsan,44102,East,South,Ulsan,https://upload.wikimedia.org/wikipedia/commons/thumb/b/b2/Munsu_20121110_204310_5.jpg/150px-Munsu_20121110_204310_5.jpg,Ulsan,"[35.5942088, 127.8226765]"
293,Arena,44097,South,Brazil,"Cuiabá,",https://upload.wikimedia.org/wikipedia/commons/thumb/1/1c/Arena_Pantanal.jpg/150px-Arena_Pantanal.jpg,"Cuiabá,","[-15.5986686, -56.0991301]"
294,Arena,44000,South,Brazil,"Manaus,",https://upload.wikimedia.org/wikipedia/commons/thumb/4/43/Arena_Amaz%C3%B4nia_Manaus.jpg/150px-Arena_Amaz%C3%B4nia_Manaus.jpg,Nacional,"[-3.1316333, -59.9825041]"
295,Suwon,43959,East,South,Suwon,https://upload.wikimedia.org/wikipedia/commons/thumb/2/2e/20121003_Suwon_vs_Seoul.jpg/150px-20121003_Suwon_vs_Seoul.jpg,Suwon,"[37.9332035, 126.2425613]"
296,Stadion,43923,Southeast,Indonesia,"Pekanbaru,",https://upload.wikimedia.org/wikipedia/commons/thumb/4/4b/Riau_Main_Stadium_%28cropped%29.JPG/150px-Riau_Main_Stadium_%28cropped%29.JPG,PSPS,"[0.5262455, 101.4515727]"
297,Allianz,43713,South,Brazil,São,https://upload.wikimedia.org/wikipedia/commons/thumb/9/95/Imagens_da_Cidade_de_S%C3%A3o_Paulo_e_Zool%C3%B3gico_da_Capital_Paulista._%2847480340301%29.jpg/150px-Imagens_da_Cidade_de_S%C3%A3o_Paulo_e_Zool%C3%B3gico_da_Capital_Paulista._%2847480340301%29.jpg,SE,"[-23.5420882, -46.5656143]"
298,Shandong,43700,East,China,"Jinan,",https://upload.wikimedia.org/wikipedia/commons/thumb/4/49/SHANGDONGSPORTS.jpg/150px-SHANGDONGSPORTS.jpg,Text esta vazio,"[36.398987, 118.5055691]"
299,Polsat,43615,Europe,Poland,Gdańsk,https://upload.wikimedia.org/wikipedia/commons/thumb/1/17/Gda%C5%84sk%2C_Stadion_PGE_Arena_-_fotopolska.eu_%28326975%29.jpg/150px-Gda%C5%84sk%2C_Stadion_PGE_Arena_-_fotopolska.eu_%28326975%29.jpg,Lechia,"[51.7452382, 19.8155373]"
300,Estadio,43494,South,Argentina,Buenos,https://upload.wikimedia.org/wikipedia/commons/thumb/1/10/Platea_Este_Nuevo_Gasometro_1.jpg/150px-Platea_Este_Nuevo_Gasometro_1.jpg,CA,"[-34.61612315, -58.4356234052]"
301,Stadion,43269,Europe,Poland,Poznań,https://upload.wikimedia.org/wikipedia/commons/thumb/c/c0/Stadion_Miejski_w_Poznaniu_2013_panorama.jpg/150px-Stadion_Miejski_w_Poznaniu_2013_panorama.jpg,Lech,"[52.4006632, 16.9197325918]"
302,Vasil,43230,Europe,Bulgaria,Sofia,https://upload.wikimedia.org/wikipedia/commons/thumb/9/93/Vasil_Levski_National_Stadium_2022.jpg/150px-Vasil_Levski_National_Stadium_2022.jpg,Bulgaria,"[42.6875707, 23.3352430586]"
303,Estadio,43000,South,Peru,Lima,https://upload.wikimedia.org/wikipedia/commons/thumb/0/06/Vista_estadios_san_marcos.jpg/150px-Vista_estadios_san_marcos.jpg,Deportivo,"[-12.0621065, -77.0365256]"
304,Ullevi,43000,Europe,Sweden,Gothenburg,https://upload.wikimedia.org/wikipedia/commons/thumb/8/8d/Ullevi_stadium%2C_23_june_2018.png/150px-Ullevi_stadium%2C_23_june_2018.png,Sweden,"[57.7059197, 11.9873275989]"
305,Jinzhou,43000,East,China,Jinzhou,https://upload.wikimedia.org/wikipedia/commons/thumb/0/0a/No-image-available.png/480px-No-image-available.png,Text esta vazio,"[41.1087113, 121.1186159]"
306,Estadio,42901,South,Colombia,Cúcuta,https://upload.wikimedia.org/wikipedia/commons/thumb/4/46/Cucuta704.jpg/150px-Cucuta704.jpg,Cúcuta,"[7.8971458, -72.5080387]"
307,Villa,42682,Europe,England,"Birmingham,",https://upload.wikimedia.org/wikipedia/commons/thumb/a/a1/Villa_Stadion_panorama_2016.jpg/150px-Villa_Stadion_panorama_2016.jpg,Aston,"[51.4670541, -2.5960417189]"
308,Perak,42500,Southeast,Malaysia,Perak,https://upload.wikimedia.org/wikipedia/commons/thumb/d/dc/Perak_Stadium.JPG/150px-Perak_Stadium.JPG,Perak,"[4.812181, 100.9797908]"
309,Jeonju,42477,East,South,Jeonju,https://upload.wikimedia.org/wikipedia/commons/thumb/7/72/%EC%A0%84%EC%A3%BC%EC%9B%94%EB%93%9C%EC%BB%B5%EA%B2%BD%EA%B8%B0%EC%9E%A5.jpg/150px-%EC%A0%84%EC%A3%BC%EC%9B%94%EB%93%9C%EC%BB%B5%EA%B2%BD%EA%B8%B0%EC%9E%A5.jpg,Jeonbuk,"[35.7923409, 128.0887736]"
310,Ligga,42372,South,Brazil,"Curitiba,",https://upload.wikimedia.org/wikipedia/commons/thumb/2/20/Arenadabaixada2.jpg/150px-Arenadabaixada2.jpg,Athletico,"[-25.44829025, -49.2769379717]"
311,Weserstadion,42358,Europe,Germany,Bremen,https://upload.wikimedia.org/wikipedia/commons/thumb/a/a6/Weserstadion_panorama.JPG/150px-Weserstadion_panorama.JPG,SV,"[53.06644785, 8.8376718151]"
312,Denka,42300,East,Japan,"Niigata,",https://upload.wikimedia.org/wikipedia/commons/thumb/f/ff/Bigswan080628.JPG/150px-Bigswan080628.JPG,Albirex,"[37.022147, 137.8168476746]"
313,Estadio,42200,South,Venezuela,Mérida,https://upload.wikimedia.org/wikipedia/commons/thumb/1/1f/Metropolitanodemeridacopamerica.jpg/150px-Metropolitanodemeridacopamerica.jpg,Estudiantes,"[8.5816963, -71.1658075]"
314,Daejeon,42176,East,South,Daejeon,https://upload.wikimedia.org/wikipedia/commons/thumb/7/76/Daejeon_World_Cup_Stadium.JPG/150px-Daejeon_World_Cup_Stadium.JPG,Daejeon,"[35.2874704, 126.3950808]"
315,Matmut,42115,Europe,France,Bordeaux,https://upload.wikimedia.org/wikipedia/commons/thumb/7/7f/500px_photo_%28165733217%29.jpeg/150px-500px_photo_%28165733217%29.jpeg,FC,"[48.8765926, 2.3563762]"
316,Helsingin,42062,Europe,Finland,Helsinki,https://upload.wikimedia.org/wikipedia/commons/thumb/b/b3/Olympiastadion_2_2020-08-12.jpg/150px-Olympiastadion_2_2020-08-12.jpg,Finland,"[60.22672205, 25.0176700495]"
317,Estádio,42000,South,Brazil,"Goiânia,",https://upload.wikimedia.org/wikipedia/commons/thumb/5/5f/Serra_Dourada_Lotado.jpg/150px-Serra_Dourada_Lotado.jpg,Goiás,"[-16.680882, -49.2532691]"
318,Estadio,42000,South,Colombia,Cali,https://upload.wikimedia.org/wikipedia/commons/thumb/9/9b/SportingCali12.png/150px-SportingCali12.png,Deportivo,"[3.4108435, -76.5812127111]"
319,Estadio,42000,South,Ecuador,Guayaquil,https://upload.wikimedia.org/wikipedia/commons/thumb/b/bf/Estadio_Modelo_Lleno_2007_-_panoramio.jpg/150px-Estadio_Modelo_Lleno_2007_-_panoramio.jpg,Club,"[-2.1900563, -79.8868741]"
320,Estádio,42000,Africa,Mozambique,Maputo,https://upload.wikimedia.org/wikipedia/commons/thumb/0/0a/No-image-available.png/480px-No-image-available.png,Mozambique,"[-25.966213, 32.56745]"
321,Chengdu,42000,East,China,"Chengdu,",https://upload.wikimedia.org/wikipedia/commons/thumb/0/02/Chengdu_Sports_Center.JPG/150px-Chengdu_Sports_Center.JPG,Text esta vazio,"[30.6598628, 104.0633717]"
322,Royal,42000,Africa,South,"Phokeng,",https://upload.wikimedia.org/wikipedia/commons/thumb/6/67/Royal_Bafokeng_Stadium%2C_Phokeng.jpg/150px-Royal_Bafokeng_Stadium%2C_Phokeng.jpg,Text esta vazio,"[18.3436649, -72.5227166]"
323,Estadio,42000,North,Mexico,San,https://upload.wikimedia.org/wikipedia/commons/thumb/0/07/Estadio_Universitario_Concachampions.jpg/150px-Estadio_Universitario_Concachampions.jpg,Tigres,"[24.7725687, -107.3434445]"
324,Estadio,42000,South,Argentina,Santa,https://upload.wikimedia.org/wikipedia/commons/thumb/5/59/Estadio_Brigadier_General_Estanislao_L%C3%B3pez_-_Col%C3%B3n_de_Santa_Fe.jpg/150px-Estadio_Brigadier_General_Estanislao_L%C3%B3pez_-_Col%C3%B3n_de_Santa_Fe.jpg,Club,"[4.9037037, -75.5025961]"
325,Estadio,42000,South,Argentina,Rosario,https://upload.wikimedia.org/wikipedia/commons/thumb/2/23/Estadio_Marcelo_Bielsa.jpg/150px-Estadio_Marcelo_Bielsa.jpg,Newell's,"[-32.9593609, -60.6617024]"
326,Stade,41965,Europe,France,Saint-Étienne,https://upload.wikimedia.org/wikipedia/commons/thumb/9/99/St_Etienne_Stade_Geoffroy_Guichard.jpg/150px-St_Etienne_Stade_Geoffroy_Guichard.jpg,AS,"[45.4401467, 4.3873058]"
327,Vodafone,41903,Europe,Turkey,Istanbul,https://upload.wikimedia.org/wikipedia/commons/thumb/9/94/Vodafone_Park_Panorama.jpg/150px-Vodafone_Park_Panorama.jpg,Beşiktaş,"[41.102461, 28.8626999]"
328,Peter,41733,Africa,South,Polokwane,https://upload.wikimedia.org/wikipedia/commons/thumb/c/cd/Teams_are_warming_up_%284738980575%29.jpg/150px-Teams_are_warming_up_%284738980575%29.jpg,Polokwane,"[37.0167456, 26.9440858]"
329,Estadio,41654,South,Argentina,Rosario,https://upload.wikimedia.org/wikipedia/commons/thumb/6/66/Estadio_Gigante_de_Arroyito.jpg/150px-Estadio_Gigante_de_Arroyito.jpg,Rosario,"[-32.9593609, -60.6617024]"
330,Estadio,41600,South,Venezuela,Ciudad,https://upload.wikimedia.org/wikipedia/en/thumb/a/a0/CTE_Chamay_Aereo_Cut.jpg/150px-CTE_Chamay_Aereo_Cut.jpg,Atlético,"[-34.6152097, -58.404737]"
331,Estadio,41596,South,Ecuador,Quito,https://upload.wikimedia.org/wikipedia/commons/thumb/f/f6/Cl%C3%A1sico_Liga_de_Quito-Barcelona_de_Guayaquil.JPG/150px-Cl%C3%A1sico_Liga_de_Quito-Barcelona_de_Guayaquil.JPG,LDU,"[-0.2201641, -78.5123274]"
332,Allianz,41507,Europe,Italy,"Turin,",https://upload.wikimedia.org/wikipedia/commons/thumb/0/0e/Juventus_Stadium_in_Turin_-_Champions_League_2013-14_-_Juventus_v_Real_Madrid.jpg/150px-Juventus_Stadium_in_Turin_-_Champions_League_2013-14_-_Juventus_v_Real_Madrid.jpg,Juventus,"[45.47757575, 9.1572575]"
333,Sapporo,41484,East,Japan,"Sapporo,",https://upload.wikimedia.org/wikipedia/commons/thumb/f/f1/Sapporo_Dome_001.jpeg/150px-Sapporo_Dome_001.jpeg,Hokkaido,"[43.061936, 141.3542924]"
334,Stamford,41663,Europe,England,London,https://upload.wikimedia.org/wikipedia/commons/thumb/b/b1/Stamford_Bridge%2C_Chelsea_vs_Nottingham_Forest%2C_5_January_2020.jpg/150px-Stamford_Bridge%2C_Chelsea_vs_Nottingham_Forest%2C_5_January_2020.jpg,Chelsea,"[52.6519973, -0.4804579]"
335,Goyang,41311,East,South,Goyang,https://upload.wikimedia.org/wikipedia/commons/thumb/e/e1/Goyang_sta_1.JPG/150px-Goyang_sta_1.JPG,Text esta vazio,"[-3.4161, 119.4871]"
336,Estadio,41143,South,Bolivia,La,https://upload.wikimedia.org/wikipedia/commons/thumb/9/9d/Hernando_Siles_Stadium_-_La_Paz.jpg/150px-Hernando_Siles_Stadium_-_La_Paz.jpg,La,"[-22.5193099, -63.8052657513]"
337,Bingu,41100,Africa,Malawi,Lilongwe,https://upload.wikimedia.org/wikipedia/commons/thumb/e/ea/BINGU_NATIONAL_STADIUM.jpg/150px-BINGU_NATIONAL_STADIUM.jpg,"Flames,","[-13.9438618, 33.7531969012]"
338,Mbombela,40929,Africa,South,"Nelspruit,",https://upload.wikimedia.org/wikipedia/commons/thumb/2/26/Mbombela_Stadium_arena.jpg/150px-Mbombela_Stadium_arena.jpg,Text esta vazio,"[-26.2546016, 28.0936763]"
339,Estadio,40800,South,Venezuela,Maracaibo,https://upload.wikimedia.org/wikipedia/commons/thumb/3/38/JPPachenchoRomero-16.jpg/150px-JPPachenchoRomero-16.jpg,Deportivo,"[10.6498095, -71.6443596]"
340,Stade,40784,Africa,Algeria,Algiers,https://upload.wikimedia.org/wikipedia/commons/thumb/1/12/Nelson_Mandela_Stadium.jpg/150px-Nelson_Mandela_Stadium.jpg,Algeria,"[36.772925, 3.058819]"
341,Kashima,40728,East,Japan,"Kashima,",https://upload.wikimedia.org/wikipedia/commons/thumb/b/bc/Kashima_Soccer_Stadium_5.jpg/150px-Kashima_Soccer_Stadium_5.jpg,Kashima,"[35.9661164, 140.6450292]"
342,Baba,40528,Africa,Ghana,Kumasi,https://upload.wikimedia.org/wikipedia/commons/thumb/a/a3/Kumasi924.JPG/150px-Kumasi924.JPG,Asante,"[6.68217, -1.6050641736]"
343,Estádio,40502,South,Brazil,"Curitiba,",https://upload.wikimedia.org/wikipedia/commons/thumb/7/72/Est%C3%A1dio_Couto_Pereira.jpg/150px-Est%C3%A1dio_Couto_Pereira.jpg,Coritiba,"[-25.4295963, -49.2712724]"
344,Stage,40500,Europe,Spain,Barcelona,https://upload.wikimedia.org/wikipedia/commons/thumb/b/b6/Estadicornellaelprat_1.jpg/150px-Estadicornellaelprat_1.jpg,RCD,"[40.4498565, -3.675747471]"
345,Estadio,40312,South,Venezuela,Barquisimeto,https://upload.wikimedia.org/wikipedia/commons/thumb/1/15/Estadio_Metropolitano_de_Lara.jpg/150px-Estadio_Metropolitano_de_Lara.jpg,Unión,"[10.0774374, -69.3222293]"
346,Estadio,40268,South,Argentina,Mendoza,https://upload.wikimedia.org/wikipedia/commons/thumb/7/7b/Estadio_Malvinas_Argentinas_2012.jpg/150px-Estadio_Malvinas_Argentinas_2012.jpg,Godoy,"[-32.8894155, -68.8446177]"
347,Stadion,40263,Southeast,Indonesia,Nolokla,https://upload.wikimedia.org/wikipedia/commons/thumb/8/87/Lukas_Enembe_Stadium.jpg/150px-Lukas_Enembe_Stadium.jpg,Persipura,"[-2.5833851, 140.5745105]"
348,Gwangju,40245,East,South,Gwangju,https://upload.wikimedia.org/wikipedia/commons/thumb/7/73/Gwangju_World_Cup_Stadium.jpg/150px-Gwangju_World_Cup_Stadium.jpg,Gwangju,"[35.2329165, 126.8475541]"
349,Sân,40192,Southeast,Vietnam,Hanoi,https://upload.wikimedia.org/wikipedia/commons/thumb/3/39/Kh%C3%A1n_%C4%91%C3%A0i_B_-_S%C3%A2n_v%E1%BA%ADn_%C4%91%E1%BB%99ng_Qu%E1%BB%91c_gia_M%E1%BB%B9_%C4%90%C3%ACnh.jpg/150px-Kh%C3%A1n_%C4%91%C3%A0i_B_-_S%C3%A2n_v%E1%BA%ADn_%C4%91%E1%BB%99ng_Qu%E1%BB%91c_gia_M%E1%BB%B9_%C4%90%C3%ACnh.jpg,Vietnam,"[10.0832378, 105.7309840625]"
350,Goodison,40157,Europe,England,"Liverpool,",https://upload.wikimedia.org/wikipedia/commons/thumb/b/b9/Goodison_Park_August_2022.jpg/150px-Goodison_Park_August_2022.jpg,Everton,"[53.43868975, -2.9664192835]"
351,Estádio,40149,South,Brazil,São,https://upload.wikimedia.org/wikipedia/commons/thumb/d/d0/Est%C3%A1dio_Castel%C3%A3o_em_S%C3%A3o_Lu%C3%ADs%2C_Maranh%C3%A3o%2C_Brasil.jpg/150px-Est%C3%A1dio_Castel%C3%A3o_em_S%C3%A3o_Lu%C3%ADs%2C_Maranh%C3%A3o%2C_Brasil.jpg,Sampaio,"[-23.4647655, -46.8584264454]"
352,Stade,40143,Africa,Algeria,Oran,https://upload.wikimedia.org/wikipedia/commons/thumb/e/e5/Stade_de_Oran.jpg/150px-Stade_de_Oran.jpg,Algeria,"[35.7044415, -0.6502981]"
353,Estadio,40005,South,Uruguay,Montevideo,https://upload.wikimedia.org/wikipedia/commons/thumb/8/87/Estadio_Campe%C3%B3n_del_Siglo_setiembre_2021.jpg/150px-Estadio_Campe%C3%B3n_del_Siglo_setiembre_2021.jpg,Club,"[-34.9058916, -56.1913095]"
354,Metalist,40003,Europe,Ukraine,Kharkiv,https://upload.wikimedia.org/wikipedia/commons/thumb/8/84/Metalist_Stadium_Kharkiv.jpg/150px-Metalist_Stadium_Kharkiv.jpg,FC,"[47.8249687, 38.2996095]"
355,Al-Janoub,40000,West,Qatar,Al-Wakrah,https://upload.wikimedia.org/wikipedia/commons/thumb/5/57/Visita_ao_est%C3%A1dio_de_futebol_Al_Janoub_1.jpg/150px-Visita_ao_est%C3%A1dio_de_futebol_Al_Janoub_1.jpg,Text esta vazio,"[25.15706585, 51.5464786463]"
356,Al-Thumama,40000,West,Qatar,Al-Thumama,https://upload.wikimedia.org/wikipedia/en/thumb/d/d6/Al_Thumama_Stadium_%282%29.jpg/150px-Al_Thumama_Stadium_%282%29.jpg,Text esta vazio,"[25.234937, 51.5614654]"
357,Stade,40000,Africa,Algeria,Oran,https://upload.wikimedia.org/wikipedia/commons/thumb/6/6a/Stade_Ahmed_Zabana_2.jpg/150px-Stade_Ahmed_Zabana_2.jpg,MC,"[35.7044415, -0.6502981]"
358,Stadion,40000,Southeast,Indonesia,"Balikpapan,",https://upload.wikimedia.org/wikipedia/commons/thumb/d/d8/2017-11-14_Batakan.jpg/150px-2017-11-14_Batakan.jpg,Persiba,"[-1.2398711, 116.8593379]"
359,Stadion,40000,Southeast,Indonesia,"Gresik,",https://upload.wikimedia.org/wikipedia/commons/thumb/4/48/Gelora_Joko_Samudro_Stadium_%282016%29.jpg/150px-Gelora_Joko_Samudro_Stadium_%282016%29.jpg,Gresik,"[-1.7, 109.133333]"
360,Fisht,40000,Europe,Russia,Sochi,https://upload.wikimedia.org/wikipedia/commons/thumb/e/e4/2017_Confederation_Cup_-_MEXNZL_-_Fisht.jpg/150px-2017_Confederation_Cup_-_MEXNZL_-_Fisht.jpg,Text esta vazio,"[43.40202205, 39.9559390973]"
361,Rentschler,40000,North,United,East,https://upload.wikimedia.org/wikipedia/commons/thumb/c/cc/Rentschler_Field_2017.jpg/150px-Rentschler_Field_2017.jpg,Text esta vazio,"[-37.7055532, 148.464601982]"
362,Jawaharlal,40000,South,India,Kochi,https://upload.wikimedia.org/wikipedia/commons/thumb/8/83/Jawaharlal_Nehru_Stadium_%28Kochi%29_in_2022.jpg/150px-Jawaharlal_Nehru_Stadium_%28Kochi%29_in_2022.jpg,Kerala,"[9.9674277, 76.2454436]"
363,Hang,40000,Southeast,Malaysia,Malacca,https://upload.wikimedia.org/wikipedia/commons/thumb/2/20/Stadium_Hang_Jebat_015342.jpg/150px-Stadium_Hang_Jebat_015342.jpg,Melaka,"[2.312416, 102.319877559]"
364,Hong,40000,East,Hong,So,https://upload.wikimedia.org/wikipedia/commons/thumb/d/db/Hong_Kong_Stadium-1.jpg/150px-Hong_Kong_Stadium-1.jpg,South,"[61.300069, 10.256239]"
365,Stadium,40000,Southeast,Malaysia,Batu,https://upload.wikimedia.org/wikipedia/commons/thumb/9/94/Batu_Kawan_Stadium%2CPenang.jpg/150px-Batu_Kawan_Stadium%2CPenang.jpg,Penang,"[3.2018234, 101.6710223]"
366,Accra,40000,Africa,Ghana,Accra,https://upload.wikimedia.org/wikipedia/commons/thumb/0/0a/No-image-available.png/480px-No-image-available.png,Accra,"[5.5571096, -0.2012376]"
367,Sarawak,40000,Southeast,Malaysia,Kuching,https://upload.wikimedia.org/wikipedia/commons/thumb/0/07/Stadium_Sarawak.JPG/150px-Stadium_Sarawak.JPG,Sarawak,"[2.5023855, 112.9547283]"
368,Bogyoke,40000,Southeast,Myanmar,Yangon,https://upload.wikimedia.org/wikipedia/commons/thumb/1/17/Aungsan_Stadium.jpg/150px-Aungsan_Stadium.jpg,Yangon,"[20.23755, 97.7242]"
369,Resonac,40000,East,Japan,Ōita,https://upload.wikimedia.org/wikipedia/commons/thumb/1/17/%C5%8Cita_Stadium_2023-03.jpg/150px-%C5%8Cita_Stadium_2023-03.jpg,Ōita,"[33.20078235, 131.6574852132]"
370,Stadium,40000,Southeast,Malaysia,Kuantan,https://upload.wikimedia.org/wikipedia/commons/thumb/d/d9/Stadium_Pahang.jpg/150px-Stadium_Pahang.jpg,Pahang,"[3.7985637, 103.32199]"
371,Khalifa,40000,West,Qatar,Doha,https://upload.wikimedia.org/wikipedia/en/thumb/1/16/Khalifa_International_Stadium.jpg/150px-Khalifa_International_Stadium.jpg,Qatar,"[25.26365305, 51.4492244658]"
372,Stade,40000,Africa,Gabon,Libreville,https://upload.wikimedia.org/wikipedia/commons/thumb/0/0a/No-image-available.png/480px-No-image-available.png,Gabon,"[0.4219719, 9.4794404]"
373,Peoples,40000,South,Pakistan,Karachi,https://upload.wikimedia.org/wikipedia/commons/thumb/0/0a/No-image-available.png/480px-No-image-available.png,Pakistan,"[30.174766, 71.498423]"
374,JRD,40000,South,India,Jamshedpur,https://upload.wikimedia.org/wikipedia/commons/thumb/4/4e/J.R.D._Tata_Stadium.jpg/150px-J.R.D._Tata_Stadium.jpg,Jamshedpur,"[-23.442581, -46.9123975]"
375,Bao'an,40000,East,China,"Shenzhen,",https://upload.wikimedia.org/wikipedia/commons/thumb/9/91/Bao%27an_Stadium.jpg/150px-Bao%27an_Stadium.jpg,Text esta vazio,"[22.5598573, 113.8790404]"
376,Kunming,40000,East,China,"Kunming,",https://upload.wikimedia.org/wikipedia/commons/thumb/7/79/Kunming_07.JPG/150px-Kunming_07.JPG,China,"[25.0363006, 102.7086139]"
377,Taizhou,40000,East,China,"Taizhou,",https://upload.wikimedia.org/wikipedia/commons/thumb/0/0a/No-image-available.png/480px-No-image-available.png,Text esta vazio,"[32.4579729, 119.9181174]"
378,Wuhu,40000,East,China,"Wuhu,",https://upload.wikimedia.org/wikipedia/commons/thumb/0/0a/No-image-available.png/480px-No-image-available.png,Text esta vazio,"[31.1800568, 118.2141777]"
379,Huizhou,40000,East,China,"Huizhou,",https://upload.wikimedia.org/wikipedia/commons/thumb/0/0a/No-image-available.png/480px-No-image-available.png,Text esta vazio,"[23.1125153, 114.4127007]"
